N,P,K,temperature,humidity,ph,rainfall,label
98,18,42,29.72,83.7,7.21,32.51,Muskmelon
13,61,19,24.62,58.04,5.51,193.3,Pigeonpeas
91,46,17,20.87,53.2,7.53,68.45,Maize
86,42,41,20.38,76.37,6.21,234.66,Rice
91,44,47,24.61,85.89,6.69,187.73,Jute
21,71,20,27.73,47.83,6.38,186.14,Pigeonpeas
100,17,44,26.08,89.03,6.31,34.76,Muskmelon
22,21,11,25.99,93.73,6.68,104.45,Orange
87,18,55,29.17,92.17,6.54,24.86,Muskmelon
17,73,15,25.79,58.58,5.55,145.28,Pigeonpeas
18,19,9,25.82,87.41,6.2,112.17,Orange
75,51,41,24.05,74.78,6.34,145.46,Jute
34,65,21,22.73,53.65,6.21,123.03,Kidney Beans
15,67,18,17.75,67.32,6.24,142.47,Pigeonpeas
26,50,22,21.75,63.19,6.02,125.51,Kidney Beans
82,54,14,18.72,55.85,7.13,76.72,Maize
90,54,40,21.85,88.09,6.72,214.07,Rice
40,73,71,18.23,19.09,7.64,77.06,Chickpea
25,65,17,29.22,55.52,5.94,153.83,Pigeonpeas
33,59,25,22.94,62.77,5.77,116.27,Kidney Beans
127,51,21,25.0,82.07,7.44,76.58,Cotton
33,116,196,17.75,92.09,6.08,134.09,Apple
21,70,17,24.92,65.79,5.51,183.12,Pigeonpeas
96,17,29,24.35,63.95,6.75,168.59,Coffee
52,56,53,32.37,90.49,6.24,178.53,Papaya
20,17,11,19.46,91.91,6.96,110.4,Orange
22,14,12,22.65,92.64,6.41,111.92,Orange
28,54,22,18.49,56.24,5.26,112.48,Kidney Beans
112,19,53,30.74,90.08,6.73,26.38,Muskmelon
68,36,37,21.73,78.3,6.9,158.97,Jute
116,42,17,24.25,83.22,7.17,74.04,Cotton
88,25,37,24.66,62.4,7.03,188.93,Coffee
39,60,89,18.76,10.48,7.64,74.65,Chickpea
100,27,27,23.3,59.29,7.03,170.56,Coffee
115,13,51,29.13,87.4,6.55,42.25,Watermelon
37,67,76,21.9,17.98,7.42,86.22,Chickpea
104,22,51,31.33,91.46,6.59,29.02,Muskmelon
60,65,46,37.54,91.1,6.33,156.56,Papaya
85,16,52,26.91,90.41,6.86,47.72,Watermelon
71,58,19,27.65,74.13,7.0,78.53,Maize
14,22,9,24.81,96.2,6.32,103.21,Orange
22,145,205,25.66,91.42,5.47,86.88,Apple
96,52,36,26.41,83.65,6.83,287.42,Rice
42,61,73,21.25,13.43,7.96,70.99,Chickpea
43,77,92,18.28,13.02,7.13,82.6,Chickpea
24,65,16,20.25,59.75,6.49,103.32,Kidney Beans
19,69,22,19.26,62.91,5.78,111.92,Kidney Beans
18,15,12,18.39,93.69,7.07,99.44,Orange
95,49,38,24.82,77.0,6.87,235.38,Rice
111,15,51,26.59,86.49,6.42,60.25,Watermelon
19,67,23,17.86,60.92,5.98,120.19,Kidney Beans
84,44,35,22.62,77.21,7.29,240.88,Rice
46,63,55,40.58,94.87,6.68,142.19,Papaya
127,49,23,26.04,80.13,6.68,79.03,Cotton
22,124,191,22.87,91.33,5.5,120.74,Apple
29,23,37,27.58,95.1,6.26,196.11,Coconut
42,59,52,33.18,93.76,6.78,196.65,Papaya
30,61,22,20.52,61.62,5.36,121.28,Kidney Beans
16,62,21,22.12,57.45,5.71,82.68,Kidney Beans
20,22,15,25.19,91.75,7.35,83.7,Orange
97,19,56,27.84,92.64,6.37,31.19,Muskmelon
48,54,66,34.73,89.45,6.96,175.38,Papaya
51,60,42,35.67,93.9,6.9,178.93,Papaya
98,37,35,25.29,84.06,6.71,300.0,Rice
61,59,42,32.54,87.54,6.36,167.78,Papaya
22,16,20,27.94,100.0,6.14,193.4,Coconut
27,77,22,22.97,60.42,6.12,126.15,Kidney Beans
29,63,19,27.78,57.37,5.91,175.68,Pigeonpeas
100,20,48,26.54,78.96,6.29,44.58,Watermelon
95,52,45,25.63,80.74,6.8,220.68,Rice
19,63,21,33.79,55.84,6.2,122.2,Pigeonpeas
19,53,21,33.0,46.16,5.57,156.58,Pigeonpeas
95,10,52,28.5,92.1,6.21,24.83,Muskmelon
91,43,17,24.49,77.31,7.12,57.69,Cotton
28,124,199,21.33,92.77,5.66,130.02,Apple
80,51,42,24.88,73.19,6.38,178.38,Jute
22,67,19,15.4,49.4,5.52,126.87,Kidney Beans
24,60,24,29.1,59.12,6.39,127.77,Pigeonpeas
70,45,43,22.58,83.24,6.36,166.31,Jute
24,67,20,19.94,57.15,5.8,97.24,Kidney Beans
83,42,39,22.19,79.57,7.14,187.34,Jute
69,46,18,23.44,65.34,6.76,83.94,Maize
23,145,200,20.19,93.68,5.88,100.31,Apple
78,54,25,20.32,68.58,6.85,80.54,Maize
50,72,78,20.39,16.0,7.77,83.7,Chickpea
100,31,24,24.56,65.05,6.33,179.02,Coffee
20,21,21,29.36,98.16,6.03,175.01,Coconut
32,44,81,22.6,20.72,7.38,75.08,Chickpea
116,39,19,27.41,72.36,6.38,81.52,Cotton
21,19,11,22.93,93.53,6.48,126.79,Orange
89,48,36,29.36,80.78,6.64,192.35,Jute
86,52,40,21.31,79.14,6.77,221.74,Rice
100,33,35,23.5,52.16,6.79,180.87,Coffee
51,70,42,35.18,89.59,6.55,143.94,Papaya
37,68,85,16.11,10.11,7.08,67.79,Chickpea
13,65,14,30.63,42.61,5.81,108.44,Pigeonpeas
103,25,30,22.07,53.15,6.91,167.32,Coffee
82,44,36,25.68,77.82,7.43,152.15,Jute
11,19,40,26.29,94.32,6.09,167.71,Coconut
44,79,55,37.31,93.48,6.22,167.9,Papaya
106,24,51,25.61,77.09,6.51,50.57,Watermelon
80,59,27,22.63,61.39,6.73,70.02,Maize
97,53,20,27.4,74.52,5.53,83.35,Cotton
116,45,21,22.01,86.4,6.53,88.66,Cotton
108,14,50,25.33,84.46,6.13,46.7,Watermelon
101,46,13,27.74,74.57,7.3,91.35,Cotton
37,67,83,18.03,14.97,7.31,69.13,Chickpea
60,45,45,23.21,78.45,6.63,122.81,Jute
73,44,24,23.12,72.49,6.16,89.18,Maize
88,46,38,27.14,78.42,6.43,229.01,Rice
100,47,36,27.88,82.46,6.97,241.69,Rice
99,38,29,24.96,59.59,7.13,214.2,Coffee
92,40,33,22.38,77.67,7.17,262.04,Rice
47,70,39,27.79,92.27,6.57,160.15,Papaya
107,47,23,20.62,87.67,7.25,74.48,Cotton
19,19,11,24.68,92.71,6.32,98.74,Orange
62,61,50,38.91,87.71,6.31,127.68,Papaya
63,47,16,20.69,66.08,7.2,98.77,Maize
94,22,56,24.02,83.04,6.34,71.06,Watermelon
23,129,205,23.02,91.44,6.42,112.45,Apple
16,19,22,27.08,90.73,6.14,159.66,Coconut
69,39,17,23.86,66.46,6.38,90.28,Maize
119,45,16,22.84,69.89,6.76,72.82,Cotton
87,19,44,25.44,83.51,6.58,45.58,Watermelon
13,21,10,24.82,92.19,7.03,100.23,Orange
39,56,73,16.99,17.62,7.33,72.78,Chickpea
20,79,23,20.41,65.68,5.37,107.63,Kidney Beans
95,44,42,22.49,82.35,6.44,269.19,Rice
88,28,23,26.39,65.58,6.28,201.68,Coffee
34,62,48,34.95,93.75,7.09,129.86,Papaya
14,71,21,22.27,79.63,5.07,145.87,Kidney Beans
104,42,18,20.93,80.24,6.7,59.93,Cotton
96,43,30,22.19,61.33,6.96,208.47,Coffee
12,13,37,26.45,92.98,5.62,167.79,Coconut
91,47,47,22.28,78.23,6.58,172.94,Jute
99,31,34,26.28,63.29,7.16,144.62,Coffee
11,22,5,23.74,94.66,6.22,98.91,Orange
34,69,16,22.22,52.26,6.02,112.93,Kidney Beans
84,30,33,25.75,62.84,7.15,164.21,Coffee
95,20,46,26.45,84.6,6.56,46.32,Watermelon
87,60,19,21.61,56.72,6.13,84.5,Maize
21,145,203,22.22,91.25,6.09,118.36,Apple
16,17,11,22.54,93.3,7.51,103.91,Orange
45,66,73,14.7,14.84,7.22,70.13,Chickpea
22,84,16,32.41,61.88,5.41,170.14,Pigeonpeas
20,60,25,34.64,55.94,6.21,153.51,Pigeonpeas
109,18,48,27.13,86.09,6.81,60.33,Watermelon
21,67,21,19.14,59.09,5.85,145.55,Pigeonpeas
41,72,84,19.15,19.23,7.49,67.62,Chickpea
89,12,49,27.68,94.55,6.63,28.03,Muskmelon
107,19,56,28.45,87.55,6.84,20.26,Muskmelon
95,16,53,29.24,82.92,6.1,55.05,Watermelon
34,48,78,21.2,22.88,6.81,84.97,Chickpea
21,66,18,25.48,67.3,5.8,165.64,Pigeonpeas
19,16,32,27.91,85.87,6.31,211.6,Coconut
98,55,34,28.16,78.4,6.75,173.86,Jute
57,59,48,35.33,94.45,6.88,180.8,Papaya
10,9,9,23.74,88.62,6.36,116.74,Orange
21,63,24,21.49,57.34,5.85,103.47,Kidney Beans
93,17,50,27.3,94.71,6.47,29.54,Muskmelon
106,12,49,25.75,86.89,5.68,51.33,Watermelon
90,44,35,22.56,85.02,6.7,215.56,Rice
89,52,36,23.91,89.08,6.25,285.31,Rice
23,21,10,24.57,89.6,6.68,112.3,Orange
94,27,47,30.05,94.53,6.49,21.65,Muskmelon
25,71,17,26.91,51.31,5.52,169.58,Pigeonpeas
95,16,36,28.08,59.23,6.72,159.92,Coffee
34,19,28,24.65,96.41,6.53,174.56,Coconut
34,26,30,27.77,99.08,5.96,165.55,Coconut
34,16,24,26.19,95.04,6.17,166.99,Coconut
20,10,36,25.45,92.44,5.88,185.99,Coconut
88,47,36,25.3,88.13,6.46,250.04,Rice
25,18,7,27.77,89.75,5.94,115.5,Orange
89,38,37,24.12,78.56,6.35,265.16,Rice
51,66,77,18.96,16.09,7.62,63.84,Chickpea
30,129,203,20.98,92.55,6.27,100.28,Apple
79,54,19,24.8,66.93,6.17,99.88,Maize
43,68,77,18.78,16.73,7.15,77.41,Chickpea
76,24,54,30.01,89.95,6.97,57.03,Watermelon
14,59,21,20.54,61.08,5.74,214.86,Pigeonpeas
65,57,27,22.16,62.67,6.64,90.02,Maize
46,81,91,22.28,19.23,7.33,63.98,Chickpea
91,46,42,24.12,80.73,6.88,173.23,Jute
24,139,195,22.46,94.33,5.78,124.38,Apple
124,49,24,26.58,84.85,6.93,63.33,Cotton
25,65,17,32.97,54.32,5.89,174.7,Pigeonpeas
92,44,19,24.04,60.29,6.82,83.19,Maize
18,14,12,27.48,94.17,7.17,103.75,Orange
28,135,204,20.38,96.67,6.3,98.86,Apple
18,20,7,19.77,88.63,7.62,116.36,Orange
45,59,87,22.08,13.63,6.93,90.18,Chickpea
18,69,19,20.97,52.67,5.68,162.67,Pigeonpeas
23,144,203,20.37,88.5,5.56,117.26,Apple
59,52,53,33.96,91.0,6.97,177.58,Papaya
113,49,18,24.19,76.57,6.23,81.75,Cotton
115,58,17,26.54,81.78,7.3,71.99,Cotton
85,43,28,20.21,87.47,7.16,233.77,Rice
21,55,19,21.45,62.98,5.53,113.81,Kidney Beans
45,64,76,19.53,15.69,7.27,101.0,Chickpea
89,47,20,24.63,52.75,6.38,74.77,Maize
54,62,69,19.61,19.16,7.21,94.53,Chickpea
77,37,34,21.51,58.96,7.27,203.96,Coffee
12,27,6,22.03,91.9,7.57,94.1,Orange
94,24,55,29.04,90.65,6.14,22.04,Muskmelon
99,27,43,28.58,87.63,6.36,63.03,Watermelon
100,19,48,27.04,90.22,6.39,20.0,Muskmelon
48,67,80,20.42,17.7,7.68,82.87,Chickpea
127,55,23,25.5,78.84,6.57,97.65,Cotton
29,62,17,19.87,66.29,5.54,125.38,Kidney Beans
59,54,56,36.11,97.56,6.57,138.05,Papaya
90,23,46,24.41,92.71,6.32,20.0,Muskmelon
87,46,40,24.63,84.85,6.2,185.94,Jute
26,17,11,21.52,88.95,6.1,97.34,Orange
69,35,22,31.48,64.96,6.92,86.23,Maize
18,15,5,23.06,91.84,7.06,110.83,Orange
45,75,74,19.08,19.05,7.22,90.73,Chickpea
73,50,31,26.29,75.6,7.2,177.9,Jute
35,61,79,17.57,19.05,7.89,74.2,Chickpea
22,77,22,27.66,68.63,6.16,161.47,Pigeonpeas
102,10,47,24.28,82.81,6.67,49.14,Watermelon
26,11,34,26.53,97.12,6.23,215.37,Coconut
113,22,52,29.81,81.09,7.07,42.28,Watermelon
104,31,27,23.97,56.01,7.34,175.27,Coffee
91,56,20,17.63,61.35,7.15,84.66,Maize
98,12,52,29.05,84.83,6.15,21.54,Muskmelon
14,18,9,17.77,89.93,6.73,108.62,Orange
49,57,54,32.81,96.78,7.14,142.17,Papaya
29,67,15,18.6,59.39,5.73,103.05,Kidney Beans
91,16,40,24.7,81.13,6.69,44.61,Watermelon
47,61,44,35.31,89.71,6.66,177.56,Papaya
119,49,23,26.05,79.05,6.72,86.12,Cotton
101,23,28,26.68,56.74,6.04,170.46,Coffee
24,78,22,20.66,57.4,5.6,126.42,Kidney Beans
57,52,46,36.98,89.71,6.61,191.52,Papaya
30,145,205,20.0,88.33,5.67,131.01,Apple
24,18,9,24.31,89.78,6.66,111.46,Orange
105,15,48,23.04,75.83,6.17,37.44,Watermelon
76,47,46,23.78,75.97,6.8,142.72,Jute
78,39,45,27.26,72.21,7.09,160.41,Jute
93,36,25,21.76,63.9,6.55,181.43,Coffee
19,15,24,26.92,90.58,6.28,181.21,Coconut
111,24,51,25.32,93.62,6.87,31.85,Muskmelon
42,68,73,19.65,13.46,7.78,75.35,Chickpea
95,22,29,25.07,62.8,7.21,170.27,Coffee
30,140,196,18.05,90.51,5.91,111.24,Apple
45,68,78,19.04,18.64,6.83,91.14,Chickpea
21,145,202,23.32,87.5,6.36,130.61,Apple
20,22,17,18.8,91.69,6.33,129.1,Orange
79,45,42,23.23,80.53,6.55,151.23,Jute
100,23,51,29.17,86.99,6.51,21.33,Muskmelon
21,71,22,25.62,59.12,5.9,121.47,Kidney Beans
81,40,18,24.96,55.44,6.72,84.71,Maize
47,67,48,35.29,91.66,6.68,152.45,Papaya
38,52,56,36.62,93.09,6.18,152.83,Papaya
96,31,34,29.76,66.14,7.15,164.88,Coffee
94,44,39,26.75,85.3,6.83,272.64,Rice
25,20,34,27.66,100.0,5.69,142.37,Coconut
107,54,21,23.53,79.29,7.44,88.8,Cotton
17,67,21,26.16,63.11,5.97,150.79,Pigeonpeas
110,48,21,29.19,72.44,7.26,91.68,Cotton
29,62,11,20.06,54.81,5.21,101.44,Kidney Beans
104,19,50,27.86,82.36,6.33,49.9,Watermelon
102,16,55,25.58,81.85,6.57,65.71,Watermelon
22,69,17,21.15,62.23,5.6,122.56,Kidney Beans
27,70,19,22.36,53.42,5.67,169.21,Pigeonpeas
79,48,19,26.89,78.26,6.22,64.45,Maize
74,60,35,22.29,82.94,5.87,170.77,Jute
66,48,42,23.64,74.86,7.29,183.85,Jute
20,67,17,19.98,55.02,5.9,132.88,Kidney Beans
104,47,19,26.25,80.23,7.05,88.44,Cotton
17,14,33,26.11,92.44,5.81,195.38,Coconut
43,56,50,39.67,92.71,6.45,164.41,Papaya
93,57,20,21.74,67.76,6.16,115.2,Maize
93,56,41,24.64,81.7,5.73,239.34,Rice
15,65,20,26.41,53.69,5.76,148.38,Pigeonpeas
22,17,11,22.31,94.0,6.18,105.64,Orange
17,19,10,18.19,86.56,6.92,111.63,Orange
24,80,25,26.55,59.2,5.79,97.25,Kidney Beans
106,38,21,24.57,81.9,7.08,83.19,Cotton
30,26,10,21.27,94.09,6.66,96.12,Orange
8,16,15,21.57,90.53,6.69,96.55,Orange
21,71,20,20.7,55.96,6.69,142.8,Pigeonpeas
81,46,21,19.96,59.17,7.1,75.15,Maize
96,14,49,27.19,97.55,6.05,25.51,Muskmelon
20,49,21,17.09,60.48,5.62,130.19,Kidney Beans
27,127,192,17.87,95.67,5.88,116.89,Apple
94,30,27,26.32,67.13,6.98,207.38,Coffee
15,128,204,23.29,89.96,5.91,107.83,Apple
15,26,30,26.88,96.76,6.29,200.81,Coconut
36,18,34,23.44,99.51,6.23,169.35,Coconut
42,76,42,30.11,95.94,6.91,139.48,Papaya
79,56,46,22.83,75.15,7.04,237.14,Rice
10,19,32,31.13,95.47,6.25,175.7,Coconut
86,49,43,23.95,82.47,7.01,225.21,Rice
86,51,36,20.48,75.77,6.74,207.99,Rice
39,64,64,20.5,13.78,7.4,100.74,Chickpea
48,51,40,36.9,93.63,6.83,178.42,Papaya
104,33,48,24.53,81.61,6.28,249.98,Rice
132,51,13,23.94,77.19,6.99,48.5,Cotton
79,39,33,21.56,86.21,6.12,300.0,Rice
16,77,22,26.06,61.01,5.6,134.36,Pigeonpeas
26,66,12,26.74,54.61,5.4,139.7,Pigeonpeas
19,63,19,33.59,59.81,6.14,121.68,Pigeonpeas
127,55,26,26.69,85.81,6.57,66.12,Cotton
27,21,30,21.09,93.07,5.81,158.48,Coconut
20,19,32,28.42,98.53,6.12,149.74,Coconut
28,130,185,21.1,93.22,6.3,100.94,Apple
76,49,32,25.37,81.81,7.38,161.13,Jute
28,12,25,22.43,92.65,6.23,170.89,Coconut
78,49,25,21.55,67.21,6.3,85.43,Maize
26,75,19,16.31,63.1,5.51,102.16,Kidney Beans
93,25,49,25.99,90.92,6.01,32.17,Muskmelon
109,12,45,28.46,89.83,7.41,27.58,Muskmelon
93,41,43,24.83,85.03,6.86,170.77,Jute
23,19,10,22.19,92.24,6.99,113.21,Orange
112,16,49,32.34,96.33,5.9,26.94,Muskmelon
22,64,20,33.84,49.34,6.45,143.56,Pigeonpeas
36,64,71,19.88,19.34,7.48,96.74,Chickpea
19,59,18,29.82,56.93,5.87,130.1,Pigeonpeas
27,21,39,26.06,91.14,5.85,184.59,Coconut
110,26,35,23.9,55.32,7.02,200.82,Coffee
89,19,57,28.56,94.43,6.73,31.18,Muskmelon
114,53,25,24.2,83.41,6.34,89.06,Cotton
108,30,37,23.66,61.73,6.52,175.15,Coffee
29,130,194,24.04,88.13,5.91,118.94,Apple
25,69,23,31.87,51.62,5.47,151.56,Pigeonpeas
26,124,205,20.77,91.03,6.07,116.24,Apple
93,30,22,27.3,60.97,7.14,164.47,Coffee
20,12,23,25.0,92.23,5.71,191.4,Coconut
113,13,58,27.48,92.11,6.07,21.14,Muskmelon
97,12,55,26.29,81.69,6.38,63.43,Watermelon
70,48,22,26.08,66.06,6.32,72.59,Maize
72,45,25,24.34,56.37,6.96,74.98,Maize
134,53,23,23.07,79.6,6.68,67.93,Cotton
96,20,49,23.82,96.21,6.35,32.26,Watermelon
33,139,205,23.21,86.47,6.39,116.62,Apple
94,47,21,23.48,65.09,5.95,63.4,Maize
37,77,22,21.18,58.94,5.41,121.16,Kidney Beans
104,22,29,23.37,66.14,7.12,133.51,Coffee
45,54,90,15.68,20.1,7.75,69.09,Chickpea
68,39,21,27.14,75.1,6.27,101.18,Maize
26,75,17,22.36,61.0,5.78,139.09,Kidney Beans
21,19,14,25.91,88.11,6.32,116.95,Orange
10,51,19,31.84,45.61,4.6,161.42,Pigeonpeas
32,141,194,20.13,94.02,5.93,91.89,Apple
41,70,78,21.98,12.2,6.97,78.97,Chickpea
89,39,10,26.8,56.8,6.39,67.45,Maize
47,81,72,17.38,13.23,7.21,84.66,Chickpea
120,51,26,24.04,81.62,6.08,51.3,Cotton
90,33,40,20.74,84.68,6.65,216.5,Rice
76,35,42,24.45,83.88,6.26,163.86,Jute
90,20,43,29.21,93.88,5.9,32.75,Muskmelon
10,21,35,23.83,95.53,6.14,178.39,Coconut
26,19,34,26.67,98.61,6.0,181.27,Coconut
104,17,48,29.94,88.76,6.27,54.57,Watermelon
19,70,22,18.99,64.48,5.51,123.8,Kidney Beans
83,39,38,24.92,75.6,7.42,159.64,Jute
23,62,22,21.84,61.58,5.84,96.97,Kidney Beans
50,57,70,36.03,90.77,6.38,122.39,Papaya
99,57,18,20.64,65.85,5.62,89.85,Maize
25,69,18,31.47,53.7,6.01,140.45,Pigeonpeas
35,66,65,19.43,17.0,6.97,86.59,Chickpea
25,60,20,21.2,49.36,5.84,105.3,Kidney Beans
26,145,194,24.0,89.65,5.75,124.82,Apple
23,74,17,29.47,49.86,5.84,124.71,Pigeonpeas
28,81,17,22.18,55.37,5.87,106.22,Kidney Beans
121,44,25,27.08,76.3,6.27,75.37,Cotton
21,133,205,23.1,89.88,5.75,122.88,Apple
94,20,57,27.0,93.6,6.09,37.23,Muskmelon
24,118,203,22.53,92.19,5.93,111.49,Apple
19,13,11,20.45,94.0,7.68,100.56,Orange
24,138,205,23.22,91.0,6.1,120.76,Apple
88,19,56,25.63,78.98,6.75,63.49,Watermelon
18,23,40,26.92,98.75,5.68,203.65,Coconut
17,80,14,32.59,53.65,6.14,151.6,Pigeonpeas
114,53,21,23.03,79.97,7.11,77.74,Cotton
11,15,10,22.56,95.02,6.38,113.13,Orange
110,43,19,22.27,75.13,7.08,64.31,Cotton
49,56,58,34.79,89.65,6.56,182.42,Papaya
97,22,40,25.94,59.54,7.2,155.54,Coffee
22,53,20,28.5,60.1,6.08,161.65,Pigeonpeas
18,25,11,24.02,91.61,6.77,106.84,Orange
17,16,25,25.36,91.14,5.73,211.23,Coconut
68,41,34,26.99,77.21,6.75,168.15,Jute
93,13,49,26.27,94.72,6.52,24.65,Muskmelon
15,48,18,31.35,58.1,5.71,149.55,Pigeonpeas
42,61,59,37.37,92.69,6.6,165.38,Papaya
47,56,60,31.66,94.21,6.53,150.79,Papaya
11,22,18,21.65,97.69,6.69,93.53,Orange
41,70,77,19.54,15.97,7.55,76.3,Chickpea
26,23,10,19.21,88.31,6.84,104.0,Orange
97,18,51,25.99,91.82,6.2,49.49,Watermelon
55,54,44,32.48,92.72,7.15,119.05,Papaya
84,44,39,25.3,76.95,6.78,202.55,Jute
82,46,21,23.11,66.01,7.16,69.9,Maize
104,27,26,24.98,62.69,7.68,171.32,Coffee
23,144,201,23.41,86.68,4.82,118.41,Apple
101,21,46,27.08,93.05,6.5,27.54,Muskmelon
53,61,45,35.82,89.73,6.67,188.94,Papaya
93,19,47,24.61,84.7,6.6,38.51,Watermelon
27,15,10,21.64,88.5,6.67,123.29,Orange
88,50,25,26.02,64.17,5.89,81.86,Maize
19,24,13,19.66,88.5,7.31,96.37,Orange
17,14,9,22.71,90.83,6.71,114.01,Orange
19,72,23,32.26,61.34,6.15,143.7,Pigeonpeas
81,44,41,25.29,84.85,6.05,201.65,Rice
15,15,19,24.15,95.54,5.41,147.41,Coconut
95,28,59,30.99,91.01,7.13,26.84,Muskmelon
22,60,21,30.35,64.17,6.16,165.22,Pigeonpeas
79,45,40,25.15,78.27,7.21,153.95,Jute
21,142,202,16.96,93.29,6.12,115.24,Apple
19,63,19,27.07,62.16,5.29,111.53,Kidney Beans
71,40,37,23.12,77.81,6.61,190.07,Jute
32,74,75,22.44,22.98,6.99,74.5,Chickpea
75,48,43,26.28,73.22,7.1,164.75,Jute
26,134,205,21.79,86.73,5.92,103.33,Apple
102,22,41,27.36,84.97,6.76,57.32,Watermelon
25,135,193,22.16,96.19,6.13,115.37,Apple
109,26,43,22.15,84.02,6.04,50.37,Watermelon
35,77,80,18.98,16.02,7.36,88.25,Chickpea
102,25,39,23.73,61.79,6.97,163.17,Coffee
26,19,6,15.44,92.45,6.71,98.28,Orange
19,55,19,24.36,51.35,5.75,169.16,Pigeonpeas
22,20,31,29.62,94.78,5.94,193.03,Coconut
33,144,205,22.74,88.65,5.99,126.65,Apple
14,67,21,28.61,43.94,5.44,148.72,Pigeonpeas
72,44,24,23.0,62.58,6.02,91.35,Maize
18,61,19,29.72,54.94,5.92,186.27,Pigeonpeas
25,127,198,22.0,87.87,5.86,119.65,Apple
66,38,26,23.37,60.99,7.02,75.92,Maize
22,20,6,21.85,90.18,6.61,121.32,Orange
101,5,48,29.53,90.83,6.26,20.0,Muskmelon
27,127,196,21.65,87.4,5.49,107.79,Apple
82,34,38,24.05,88.71,6.63,234.52,Rice
109,21,49,25.64,93.3,6.73,28.78,Muskmelon
29,145,202,21.49,86.89,5.98,124.88,Apple
24,18,12,21.69,95.22,6.92,101.85,Orange
69,42,47,27.04,78.55,7.04,181.14,Jute
19,58,22,18.63,62.32,5.29,132.72,Kidney Beans
88,45,43,24.44,76.66,6.65,255.26,Rice
22,133,205,23.74,92.68,5.73,103.47,Apple
104,21,46,29.24,95.38,6.37,35.01,Muskmelon
107,12,47,27.76,96.1,6.39,27.25,Muskmelon
14,59,20,24.88,58.08,5.81,110.63,Pigeonpeas
89,21,49,25.13,84.87,6.51,57.16,Watermelon
80,44,47,24.02,74.35,6.49,186.14,Jute
108,29,30,24.74,67.64,6.54,158.88,Coffee
17,19,10,23.28,90.35,6.6,113.45,Orange
46,67,77,19.3,14.49,8.14,63.92,Chickpea
74,47,43,26.93,75.1,7.58,188.81,Jute
52,60,51,32.09,91.83,7.04,162.28,Papaya
24,129,189,20.29,92.59,6.1,116.78,Apple
51,57,51,34.45,90.26,6.43,151.03,Papaya
26,76,21,19.48,62.28,5.56,109.58,Kidney Beans
28,16,15,25.68,91.54,6.07,109.77,Orange
19,68,23,32.45,54.34,5.64,148.88,Pigeonpeas
14,18,5,25.49,94.61,6.93,96.55,Orange
14,72,24,35.95,52.57,6.0,161.4,Pigeonpeas
80,20,58,26.23,80.88,6.35,64.16,Watermelon
112,15,51,26.49,94.53,6.24,24.51,Muskmelon
36,53,31,33.59,88.57,6.72,127.5,Papaya
103,24,37,23.79,66.55,7.27,184.13,Coffee
22,63,19,26.42,50.26,5.8,145.69,Pigeonpeas
21,23,15,20.95,94.4,7.11,122.88,Orange
100,20,45,32.27,90.99,6.31,23.27,Muskmelon
129,49,26,27.05,76.73,6.81,79.43,Cotton
89,47,38,24.92,80.08,6.38,185.42,Jute
23,19,25,26.23,94.38,6.48,134.22,Coconut
111,32,28,23.1,60.29,6.5,175.96,Coffee
95,27,27,24.23,58.82,6.86,182.21,Coffee
84,51,32,27.16,80.15,7.14,173.74,Jute
18,22,7,24.04,90.85,6.5,141.03,Orange
49,82,88,19.17,14.58,6.97,85.23,Chickpea
37,62,69,18.83,12.49,7.6,80.82,Chickpea
102,29,28,26.72,64.77,6.72,196.64,Coffee
29,15,33,26.78,94.45,5.77,216.64,Coconut
20,56,23,21.85,55.31,5.76,104.61,Kidney Beans
32,71,87,18.16,10.0,7.38,84.37,Chickpea
22,114,203,22.14,93.67,5.93,109.83,Apple
12,21,9,24.67,97.59,5.94,101.6,Orange
30,145,205,26.34,89.23,5.75,100.73,Apple
105,17,54,26.8,83.29,6.46,48.81,Watermelon
96,22,51,24.94,88.22,6.25,50.76,Watermelon
117,51,16,25.45,82.76,7.07,56.76,Cotton
96,46,19,22.25,58.91,6.18,66.64,Maize
58,74,52,33.44,95.1,7.14,150.4,Papaya
29,134,200,19.79,91.1,5.77,119.6,Apple
96,14,52,23.65,81.02,6.85,65.21,Watermelon
97,53,42,28.69,78.9,6.0,195.53,Rice
50,55,45,35.0,88.0,6.63,166.66,Papaya
104,20,49,31.66,93.48,6.11,26.24,Muskmelon
103,22,54,25.96,88.74,6.19,29.88,Muskmelon
28,44,20,21.82,64.62,5.4,121.29,Kidney Beans
95,25,57,27.06,90.49,6.1,21.85,Muskmelon
22,20,43,25.01,91.64,5.77,180.71,Coconut
36,79,78,19.58,17.78,7.25,88.11,Chickpea
46,55,74,17.46,14.18,7.63,78.06,Chickpea
108,19,50,27.5,91.37,6.58,26.84,Muskmelon
58,78,69,16.36,18.45,7.52,85.49,Chickpea
108,40,36,22.5,73.5,6.29,221.02,Rice
35,120,205,20.85,90.99,5.9,105.36,Apple
22,23,11,21.05,94.65,6.25,97.02,Orange
35,18,36,27.46,96.5,5.9,184.29,Coconut
110,20,46,26.06,81.42,6.45,45.56,Watermelon
105,16,54,29.92,86.98,6.23,20.72,Muskmelon
21,77,22,25.02,69.91,5.91,175.51,Pigeonpeas
24,128,199,19.19,91.77,6.45,107.67,Apple
83,53,25,23.7,63.78,6.06,72.6,Maize
92,47,34,21.3,86.21,6.48,257.04,Rice
17,28,39,26.94,95.77,5.81,189.51,Coconut
18,72,21,31.74,47.8,4.87,167.16,Pigeonpeas
103,17,42,25.56,85.94,6.38,36.68,Watermelon
100,36,29,26.46,63.76,6.9,169.57,Coffee
72,61,15,24.93,68.8,6.71,82.22,Maize
25,22,10,19.24,89.0,6.91,114.11,Orange
15,18,12,19.55,95.31,6.65,125.09,Orange
82,42,40,22.74,75.8,6.53,213.44,Rice
22,61,17,24.06,58.71,5.81,111.44,Kidney Beans
41,65,59,39.71,100.0,6.43,216.48,Papaya
46,68,73,18.67,14.77,7.03,78.55,Chickpea
20,130,191,21.1,90.78,6.03,95.62,Apple
26,55,21,20.61,50.46,5.44,113.8,Kidney Beans
19,13,12,21.05,85.53,6.65,121.77,Orange
78,45,46,27.55,79.31,7.14,181.44,Jute
88,42,40,29.79,74.53,6.77,199.68,Rice
121,41,17,25.2,85.52,6.7,77.17,Cotton
35,144,193,21.44,90.09,6.46,97.96,Apple
90,52,23,22.35,60.09,6.5,82.45,Maize
25,138,204,21.4,99.59,5.93,112.23,Apple
47,60,76,19.92,19.35,7.2,74.02,Chickpea
49,57,50,41.91,95.46,7.05,168.71,Papaya
106,15,43,23.4,79.15,6.8,37.88,Watermelon
18,21,31,26.98,97.64,6.14,211.82,Coconut
34,75,88,15.31,14.21,6.7,73.5,Chickpea
70,46,13,25.2,68.88,6.26,108.61,Maize
26,89,21,20.22,64.61,5.84,126.3,Kidney Beans
87,49,51,24.45,82.99,6.32,218.75,Rice
83,43,42,22.59,78.71,6.6,246.12,Rice
31,66,20,22.39,55.69,5.71,87.71,Kidney Beans
84,54,21,23.22,63.82,6.46,84.44,Maize
24,12,34,25.89,95.04,5.97,152.03,Coconut
34,56,56,36.36,94.74,6.4,192.32,Papaya
28,14,23,29.36,97.2,6.38,197.62,Coconut
29,132,205,24.27,92.31,5.86,103.33,Apple
25,64,20,28.18,51.99,5.25,156.46,Pigeonpeas
84,55,15,29.02,67.51,6.15,84.16,Maize
102,28,31,28.03,63.91,6.69,165.0,Coffee
52,64,55,32.52,92.85,6.99,183.31,Papaya
19,24,5,28.81,92.41,6.76,107.62,Orange
18,70,23,27.22,61.39,6.38,131.67,Pigeonpeas
39,68,68,20.03,18.72,7.28,91.24,Chickpea
44,50,47,37.25,91.92,6.89,193.29,Papaya
103,20,56,31.73,92.37,6.73,23.24,Muskmelon
16,72,18,27.54,55.43,5.2,134.42,Pigeonpeas
86,32,25,28.42,64.62,6.68,160.1,Coffee
85,46,31,23.28,82.69,6.77,196.26,Jute
90,29,27,20.61,70.0,7.01,185.66,Coffee
43,73,89,19.82,16.28,7.57,99.0,Chickpea
23,17,12,19.48,90.93,7.46,110.82,Orange
27,80,69,18.47,15.71,7.54,64.02,Chickpea
15,74,19,22.06,65.99,5.29,109.36,Kidney Beans
104,18,55,29.94,93.24,6.42,28.29,Muskmelon
24,142,197,23.66,84.83,5.69,126.75,Apple
38,65,90,20.12,13.67,7.4,84.98,Chickpea
25,76,16,17.51,57.08,6.01,97.21,Kidney Beans
31,61,20,21.15,64.24,5.03,110.9,Kidney Beans
20,73,18,29.27,56.87,5.04,190.31,Pigeonpeas
125,48,24,26.97,73.0,7.03,77.53,Cotton
71,44,25,27.27,68.65,5.95,80.25,Maize
16,18,11,25.3,92.43,6.93,111.02,Orange
21,74,20,30.17,64.83,5.95,156.23,Pigeonpeas
112,17,54,29.69,91.15,6.79,20.0,Muskmelon
111,26,51,22.86,83.77,6.62,50.6,Watermelon
41,70,75,18.37,18.85,7.78,78.61,Chickpea
124,45,22,22.86,88.6,6.44,82.63,Cotton
31,71,20,19.96,49.87,5.38,148.67,Kidney Beans
53,58,45,31.77,91.36,5.62,145.97,Papaya
92,46,45,30.28,82.39,6.72,188.0,Jute
27,79,19,18.88,56.74,5.37,108.23,Kidney Beans
20,30,34,31.74,99.19,6.07,186.63,Coconut
75,54,23,29.54,68.5,6.32,93.86,Maize
81,49,38,25.28,79.82,6.33,172.95,Jute
21,21,9,25.04,89.87,5.95,104.91,Orange
45,65,80,19.05,11.24,7.29,73.1,Chickpea
24,137,189,25.7,95.57,5.94,110.14,Apple
71,45,22,29.01,67.37,5.9,91.67,Maize
88,51,16,23.86,64.98,5.92,107.55,Maize
11,16,8,22.76,90.09,7.1,106.54,Orange
51,55,48,40.01,91.08,6.81,170.83,Papaya
115,36,31,20.39,60.19,7.61,170.39,Coffee
34,131,205,24.56,89.0,6.31,107.18,Apple
47,56,52,32.25,93.2,6.3,155.22,Papaya
94,21,26,22.22,70.52,6.77,168.08,Coffee
35,125,205,21.83,91.61,5.54,111.58,Apple
111,42,23,26.89,82.44,7.23,69.45,Cotton
117,48,20,27.44,74.62,6.49,92.44,Cotton
93,54,40,27.91,71.52,6.83,242.18,Rice
11,20,11,19.97,87.41,7.41,126.97,Orange
40,65,89,20.9,14.68,7.46,70.28,Chickpea
37,68,66,17.61,15.77,7.09,81.52,Chickpea
107,52,22,25.77,75.03,6.9,65.8,Cotton
122,51,18,21.68,82.52,5.97,76.19,Cotton
93,49,20,19.92,69.48,6.82,117.45,Maize
42,78,71,20.36,20.58,6.59,83.2,Chickpea
73,35,38,24.54,82.86,6.14,147.63,Jute
119,54,21,25.42,74.54,6.89,92.43,Cotton
121,47,19,23.35,76.56,6.26,79.09,Cotton
80,40,39,27.74,84.8,6.69,173.43,Jute
123,47,23,24.77,78.08,7.02,90.51,Cotton
106,16,55,28.76,84.97,6.49,22.97,Muskmelon
77,59,42,24.23,71.18,7.26,150.79,Jute
86,42,18,29.74,63.86,6.61,98.05,Maize
121,50,13,22.6,84.44,6.91,78.23,Cotton
19,71,22,30.57,49.09,5.69,173.9,Pigeonpeas
52,61,52,34.28,95.73,6.74,130.84,Papaya
19,70,18,25.04,51.49,5.61,157.19,Pigeonpeas
78,48,16,22.67,59.69,6.41,110.68,Maize
104,13,59,24.45,84.11,6.6,45.48,Watermelon
21,136,205,24.41,87.53,5.93,120.36,Apple
22,69,14,19.54,59.84,5.43,105.95,Kidney Beans
87,43,33,22.06,77.56,7.2,263.39,Rice
90,24,34,25.04,61.31,6.67,168.9,Coffee
96,16,54,24.69,88.66,6.87,36.65,Watermelon
87,48,23,23.76,65.47,5.5,98.74,Maize
30,72,24,19.49,58.85,5.21,114.11,Kidney Beans
18,13,8,22.97,92.18,7.57,110.98,Orange
34,71,19,18.43,66.15,5.41,144.43,Kidney Beans
55,60,58,35.99,89.53,6.39,176.36,Papaya
97,23,49,26.06,98.53,5.85,21.31,Muskmelon
109,22,55,28.19,89.99,5.98,24.8,Muskmelon
56,54,58,34.43,89.98,6.9,177.86,Papaya
23,64,20,16.67,67.47,5.71,126.65,Kidney Beans
107,22,25,21.39,60.63,6.79,177.28,Coffee
80,43,21,19.33,66.99,6.92,55.09,Maize
31,78,22,18.8,69.94,5.54,114.97,Kidney Beans
23,88,20,29.38,50.57,5.87,159.21,Pigeonpeas
99,11,52,25.79,92.3,6.24,20.0,Muskmelon
48,66,45,32.52,85.97,6.3,196.15,Papaya
18,145,194,20.44,94.98,5.44,96.72,Apple
140,51,20,27.36,91.72,7.15,91.39,Cotton
113,24,24,22.81,61.66,6.93,189.79,Coffee
135,48,17,20.83,72.64,6.25,96.54,Cotton
72,49,47,24.37,79.03,7.29,184.1,Jute
70,46,27,25.92,61.57,6.79,105.99,Maize
11,21,15,24.18,88.74,6.75,96.58,Orange
15,14,33,25.53,94.1,5.51,184.11,Coconut
27,15,29,28.54,93.42,6.0,188.77,Coconut
131,50,24,25.58,74.21,6.27,61.38,Cotton
120,30,27,30.65,55.41,6.81,178.59,Coffee
104,44,22,24.61,77.68,6.82,59.05,Cotton
42,70,87,18.73,18.17,7.26,82.65,Chickpea
113,42,22,23.41,75.25,6.22,74.21,Cotton
109,22,47,28.68,88.17,6.67,24.63,Muskmelon
91,49,42,24.56,78.84,6.69,287.05,Rice
95,47,37,23.48,80.03,6.26,261.24,Rice
99,16,48,28.06,92.34,6.26,23.63,Muskmelon
82,45,21,27.22,58.84,6.57,74.5,Maize
108,28,23,26.49,60.98,6.81,207.15,Coffee
126,58,19,25.14,80.96,7.76,54.81,Cotton
25,124,190,19.99,89.83,6.11,105.45,Apple
100,24,51,24.41,82.15,6.68,60.39,Watermelon
18,10,37,25.63,98.49,6.32,151.71,Coconut
96,43,16,17.54,61.17,5.84,109.63,Maize
45,60,84,20.01,20.18,8.4,83.92,Chickpea
92,19,53,24.25,93.57,6.24,24.04,Muskmelon
25,20,35,27.79,94.06,5.76,174.52,Coconut
39,75,77,15.79,22.25,7.85,67.08,Chickpea
19,80,21,24.98,54.81,5.81,159.45,Pigeonpeas
97,13,38,25.92,95.34,6.28,24.15,Muskmelon
91,17,33,26.82,91.75,6.57,23.66,Muskmelon
123,13,45,26.47,93.47,6.25,47.87,Watermelon
23,145,205,22.74,87.48,5.99,107.92,Apple
45,64,52,31.57,96.26,6.79,174.6,Papaya
63,60,60,33.52,91.27,6.72,157.5,Papaya
21,72,23,22.13,65.92,5.35,145.01,Kidney Beans
21,76,22,19.89,57.6,5.79,126.95,Kidney Beans
40,56,77,20.78,18.73,7.5,80.5,Chickpea
83,46,37,20.9,81.49,7.28,164.36,Jute
115,17,51,25.87,81.71,6.99,45.78,Watermelon
26,16,9,19.01,89.77,7.01,110.09,Orange
73,50,42,24.68,76.33,6.74,146.84,Jute
98,27,29,26.16,69.06,6.61,176.98,Coffee
89,14,46,24.54,83.07,6.57,56.93,Watermelon
108,50,18,23.96,86.63,7.13,81.9,Cotton
43,79,85,15.99,20.16,6.9,76.16,Chickpea
73,44,44,30.0,79.09,6.14,182.24,Jute
49,63,65,21.02,14.95,7.62,60.3,Chickpea
22,10,10,19.53,91.39,7.19,113.66,Orange
58,57,48,37.4,96.79,6.89,146.9,Papaya
102,19,51,26.98,85.22,6.5,59.57,Watermelon
89,53,21,24.31,64.62,6.12,80.79,Maize
84,42,45,24.82,79.88,6.71,242.43,Rice
86,49,25,24.38,62.42,6.56,93.15,Maize
114,50,22,24.8,79.71,6.96,77.23,Cotton
39,69,78,17.7,17.51,7.48,69.1,Chickpea
95,17,54,24.17,97.33,6.55,24.79,Muskmelon
41,55,55,29.57,95.17,6.54,152.23,Papaya
126,47,24,24.03,84.78,6.78,72.7,Cotton
42,72,67,20.79,15.55,7.36,96.12,Chickpea
89,15,55,28.07,90.85,6.37,27.45,Muskmelon
73,59,20,19.71,65.77,6.16,97.61,Maize
15,79,22,31.82,52.22,5.74,121.34,Pigeonpeas
102,27,29,21.98,60.9,6.74,185.81,Coffee
27,18,12,22.32,97.0,6.53,102.63,Orange
23,139,193,19.58,95.73,6.22,115.79,Apple
17,19,27,29.36,98.93,6.26,186.73,Coconut
25,58,22,25.42,46.51,5.89,170.19,Pigeonpeas
73,45,12,22.64,50.46,5.71,96.41,Maize
103,6,51,24.69,93.94,6.84,20.37,Muskmelon
29,67,20,31.48,65.22,5.14,114.27,Pigeonpeas
64,45,23,20.24,66.76,5.82,92.0,Maize
55,57,50,34.27,92.32,7.0,172.87,Papaya
28,68,19,18.9,55.57,5.86,138.43,Kidney Beans
33,73,71,20.33,18.39,6.61,73.22,Chickpea
16,19,23,25.94,96.5,5.71,215.32,Coconut
33,76,79,20.34,13.78,6.68,88.18,Chickpea
51,47,45,31.96,89.61,6.76,156.79,Papaya
78,40,36,27.61,80.55,6.48,184.17,Jute
90,27,32,22.61,54.53,6.16,189.42,Coffee
109,15,46,28.63,87.59,6.52,53.79,Watermelon
128,43,19,24.09,71.02,6.67,88.79,Cotton
62,51,23,22.27,49.45,6.23,90.88,Maize
31,66,14,18.21,59.07,5.79,119.15,Kidney Beans
14,61,21,27.72,51.53,5.61,163.92,Pigeonpeas
10,61,25,25.96,47.96,5.72,191.36,Pigeonpeas
108,57,19,27.91,79.61,6.06,90.7,Cotton
74,41,34,24.57,81.54,6.98,179.34,Jute
103,22,49,23.32,87.45,6.67,50.57,Watermelon
88,45,33,22.64,82.44,6.04,249.39,Rice
81,32,42,24.3,79.7,6.55,189.53,Jute
28,63,17,23.2,63.61,5.43,140.33,Kidney Beans
32,66,87,18.74,21.53,6.72,79.88,Chickpea
80,46,30,20.68,82.79,6.8,244.28,Rice
78,50,24,21.59,73.96,6.36,84.68,Maize
22,67,18,31.63,46.46,5.41,142.05,Pigeonpeas
19,16,10,23.88,86.36,6.17,102.36,Orange
90,39,42,24.5,79.6,6.53,230.37,Rice
20,66,20,28.74,49.04,5.39,122.23,Pigeonpeas
41,84,72,17.64,18.54,7.37,83.51,Chickpea
67,57,20,27.35,67.06,6.73,93.55,Maize
102,13,50,26.77,84.38,6.71,50.79,Watermelon
26,130,193,19.81,100.0,5.92,91.89,Apple
92,30,31,22.84,61.12,6.92,182.21,Coffee
23,25,19,27.83,100.0,6.08,216.31,Coconut
105,25,23,21.4,50.88,6.64,168.98,Coffee
48,68,51,36.14,95.09,6.82,140.59,Papaya
78,47,39,21.91,86.38,6.74,200.76,Jute
91,20,53,26.46,96.56,6.31,32.65,Muskmelon
21,60,23,30.0,50.77,5.18,147.1,Pigeonpeas
101,15,51,23.51,81.22,6.69,41.87,Watermelon
109,18,51,27.5,93.71,6.2,29.97,Muskmelon
113,55,21,21.91,77.3,6.95,90.05,Cotton
22,15,29,27.36,92.56,5.56,219.72,Coconut
102,21,53,28.84,77.2,6.7,57.87,Watermelon
26,67,25,23.68,60.95,5.98,104.51,Kidney Beans
21,27,6,25.39,96.99,6.67,120.32,Orange
36,72,94,18.62,19.16,6.78,70.44,Chickpea
21,75,23,22.46,59.35,5.87,109.4,Kidney Beans
85,51,35,24.51,81.18,6.98,138.5,Jute
45,58,86,19.03,14.14,7.14,86.86,Chickpea
16,22,32,29.1,95.97,6.04,142.03,Coconut
65,53,37,23.78,72.94,7.4,151.79,Jute
20,16,13,23.56,92.16,7.11,105.5,Orange
24,18,8,18.95,96.26,7.04,101.52,Orange
16,67,14,20.83,53.16,6.3,133.67,Kidney Beans
21,60,16,25.41,62.15,6.18,154.86,Pigeonpeas
17,69,20,29.68,53.39,5.07,141.34,Pigeonpeas
90,14,46,28.67,92.87,6.52,27.98,Muskmelon
32,73,21,25.4,61.86,5.82,119.2,Kidney Beans
37,79,53,34.63,93.85,6.91,157.19,Papaya
23,22,14,29.04,92.73,6.91,91.72,Orange
33,132,205,22.35,88.93,6.55,126.89,Apple
95,24,30,22.62,66.63,6.77,171.45,Coffee
81,42,8,25.31,70.42,5.32,69.85,Maize
52,43,49,33.38,87.91,6.42,176.19,Papaya
30,12,36,28.35,89.85,6.81,178.6,Coconut
19,18,5,24.18,91.73,7.44,98.73,Orange
44,54,47,34.22,95.58,6.3,153.6,Papaya
84,46,39,23.45,84.46,6.8,226.74,Rice
33,61,20,20.82,57.74,5.76,108.63,Kidney Beans
21,61,21,33.12,57.69,6.18,145.26,Pigeonpeas
88,40,36,21.96,81.69,6.64,246.92,Rice
84,43,18,26.17,62.76,7.36,79.01,Maize
18,12,14,22.82,91.42,7.16,115.07,Orange
18,10,23,27.04,91.61,5.98,156.36,Coconut
25,65,18,21.11,55.62,6.62,155.55,Pigeonpeas
95,49,38,22.15,81.58,7.03,163.63,Jute
85,28,39,23.47,58.98,6.67,150.7,Coffee
86,43,35,22.89,83.51,6.8,216.95,Rice
85,16,44,26.82,80.55,6.63,48.51,Watermelon
39,72,67,16.75,13.42,7.36,97.33,Chickpea
104,15,50,25.93,82.89,6.19,47.71,Watermelon
13,18,38,27.3,94.12,5.81,199.77,Coconut
107,32,32,24.15,64.25,6.72,186.12,Coffee
93,13,54,26.64,86.59,6.39,47.77,Watermelon
113,48,17,20.0,81.0,7.04,83.14,Cotton
48,61,44,34.32,92.45,6.25,179.91,Papaya
94,19,51,27.66,93.91,6.09,28.05,Muskmelon
23,16,15,20.69,95.43,6.87,113.03,Orange
26,73,18,27.83,54.04,5.93,179.02,Pigeonpeas
53,73,84,15.4,15.37,6.98,73.79,Chickpea
107,23,59,24.46,88.31,6.16,22.65,Muskmelon
61,60,52,36.43,89.83,6.72,162.51,Papaya
23,63,23,23.3,53.77,5.72,109.36,Kidney Beans
31,133,205,21.04,92.81,6.06,114.46,Apple
124,52,21,24.35,82.96,7.07,83.69,Cotton
76,42,35,24.79,78.37,5.94,276.64,Rice
89,43,33,22.2,80.16,6.92,248.59,Rice
41,84,80,18.62,15.93,7.23,93.73,Chickpea
25,138,197,22.45,90.22,6.38,113.64,Apple
82,29,31,24.89,61.28,6.81,195.46,Coffee
140,46,17,25.49,75.99,7.39,76.6,Cotton
30,82,15,16.3,69.35,5.82,106.98,Kidney Beans
109,16,45,27.38,89.1,6.57,20.0,Muskmelon
75,52,24,24.27,73.87,5.93,82.1,Maize
19,17,34,25.47,94.21,6.11,137.29,Coconut
78,42,44,24.54,77.02,6.57,249.63,Rice
25,16,7,24.84,91.9,7.13,99.13,Orange
20,69,20,32.17,54.5,5.35,142.13,Pigeonpeas
99,17,45,22.21,84.36,6.6,58.8,Watermelon
75,42,40,25.87,78.42,6.92,180.52,Jute
129,51,20,25.77,81.62,7.31,95.54,Cotton
92,45,41,27.58,79.47,6.17,213.57,Jute
110,45,24,25.03,73.82,7.3,88.77,Cotton
112,56,18,23.39,80.38,7.07,78.3,Cotton
26,20,8,26.61,95.62,6.91,99.2,Orange
113,49,15,23.91,74.54,6.85,91.93,Cotton
76,47,38,22.31,84.45,6.91,263.28,Rice
39,73,82,17.5,16.04,6.98,90.76,Chickpea
86,25,32,28.43,61.51,6.9,194.05,Coffee
97,45,47,23.34,92.88,6.75,218.57,Rice
44,57,90,19.52,15.89,7.36,62.24,Chickpea
15,72,12,25.8,52.07,6.05,150.45,Pigeonpeas
95,45,36,24.19,79.29,6.89,236.32,Rice
26,17,13,23.62,93.34,6.97,90.74,Orange
85,45,43,22.19,82.75,6.2,224.71,Rice
44,64,82,19.59,16.3,6.99,73.09,Chickpea
91,47,49,26.38,79.69,6.14,252.3,Rice
99,23,47,29.73,82.31,6.53,47.75,Watermelon
106,45,21,28.63,77.04,7.53,103.13,Maize
80,52,16,25.15,66.0,6.75,89.34,Maize
101,7,49,26.9,86.42,6.77,46.9,Watermelon
87,39,42,23.37,78.54,6.9,184.39,Jute
103,29,33,24.87,54.75,6.82,195.98,Coffee
85,42,37,21.84,82.19,6.17,246.76,Rice
95,23,36,24.0,55.66,6.75,176.37,Coffee
93,19,56,23.66,84.4,5.98,46.85,Watermelon
22,16,40,30.67,92.4,6.17,196.48,Coconut
22,14,34,30.36,96.03,6.58,146.44,Coconut
90,49,38,24.81,81.48,6.54,254.88,Rice
28,129,199,23.37,90.07,5.83,122.1,Apple
17,71,21,32.17,47.45,6.09,161.81,Pigeonpeas
99,54,18,27.84,65.41,6.93,92.27,Maize
24,16,28,27.58,91.51,5.89,161.09,Coconut
18,20,11,22.5,91.96,6.41,92.03,Orange
101,10,50,26.46,84.66,6.33,42.43,Watermelon
28,12,27,25.0,89.74,6.03,219.73,Coconut
17,54,20,30.78,54.27,5.62,146.81,Pigeonpeas
16,21,31,29.63,94.95,5.74,175.3,Coconut
96,17,54,28.37,93.83,6.33,23.29,Muskmelon
128,48,24,22.25,82.6,7.55,85.04,Cotton
26,58,18,23.97,67.18,5.63,120.69,Kidney Beans
34,145,205,21.76,96.54,5.93,114.62,Apple
104,33,24,21.99,58.27,6.6,190.07,Coffee
21,142,198,25.18,93.5,5.85,114.88,Apple
27,137,199,23.62,95.7,5.54,107.84,Apple
101,16,46,27.91,80.21,6.23,41.17,Watermelon
106,56,39,26.43,84.58,7.05,215.88,Rice
42,61,50,33.48,96.02,6.49,133.01,Papaya
88,43,27,23.86,81.08,6.78,286.22,Rice
114,45,22,24.68,76.79,7.47,69.73,Cotton
70,48,36,24.59,75.88,7.03,159.93,Jute
21,136,201,22.62,94.57,5.62,92.07,Apple
65,49,20,25.74,65.72,6.01,102.95,Maize
40,70,84,20.29,18.67,7.34,78.03,Chickpea
103,49,20,25.29,77.39,8.03,96.32,Cotton
38,67,83,19.17,10.34,7.21,71.49,Chickpea
23,71,21,26.81,57.22,5.75,159.16,Pigeonpeas
105,16,49,28.54,90.18,6.42,44.95,Watermelon
23,119,198,23.25,97.42,5.64,109.88,Apple
83,41,36,25.21,70.74,7.37,182.95,Jute
92,49,29,25.18,66.15,6.35,87.0,Maize
61,55,46,40.36,94.93,5.98,148.69,Papaya
52,46,48,35.32,90.44,6.38,176.92,Papaya
96,42,43,26.43,84.49,5.87,221.82,Rice
18,11,31,27.56,99.47,5.62,205.4,Coconut
30,19,34,25.74,98.86,5.92,186.11,Coconut
93,41,44,24.77,85.25,6.75,219.28,Rice
98,25,45,22.85,59.86,6.92,187.0,Coffee
98,45,21,23.95,72.13,7.76,77.04,Maize
78,46,21,26.45,70.16,6.21,82.49,Maize
26,14,30,28.37,88.8,6.64,173.77,Coconut
96,43,41,24.03,82.39,6.19,240.61,Rice
97,24,47,25.36,82.83,6.47,45.34,Watermelon
13,65,20,26.61,47.9,5.64,155.39,Pigeonpeas
95,47,55,26.8,81.49,6.12,199.84,Rice
41,63,65,36.34,89.41,7.04,153.67,Papaya
20,64,15,29.21,70.07,5.06,149.35,Pigeonpeas
22,24,11,28.54,93.62,7.22,106.12,Orange
42,84,105,20.21,16.45,7.51,88.88,Chickpea
78,42,41,24.57,75.29,7.29,163.8,Jute
78,52,24,21.64,57.01,5.58,92.62,Maize
84,52,25,24.59,69.25,6.46,106.6,Maize
83,40,43,23.14,75.46,6.56,164.46,Jute
97,28,25,21.09,58.66,6.86,148.04,Coffee
92,39,18,25.13,74.39,6.47,76.67,Maize
92,57,44,23.18,86.8,6.34,189.05,Rice
28,123,205,18.28,89.95,5.97,119.95,Apple
94,47,45,28.16,86.06,5.76,208.01,Rice
12,24,16,27.63,90.99,6.34,97.21,Orange
16,69,24,30.05,52.53,5.9,145.19,Pigeonpeas
102,14,53,27.2,84.52,6.6,20.0,Muskmelon
15,56,15,23.26,50.75,6.58,139.48,Pigeonpeas
90,44,29,26.95,63.05,5.25,119.36,Maize
34,59,88,22.42,16.69,7.23,80.7,Chickpea
30,67,93,19.04,17.69,6.8,73.84,Chickpea
27,62,20,22.85,50.45,6.1,121.09,Kidney Beans
92,50,36,24.39,80.58,6.42,205.46,Jute
77,38,46,23.33,79.77,6.88,178.59,Jute
40,63,86,19.84,18.48,7.09,58.47,Chickpea
22,20,23,25.52,94.65,6.57,177.5,Coconut
68,48,44,23.8,84.66,6.03,148.09,Jute
100,49,34,22.69,83.96,6.01,257.82,Rice
75,41,49,26.11,76.25,7.14,178.61,Jute
119,23,50,29.73,87.09,7.16,22.05,Muskmelon
91,31,20,24.82,62.08,7.04,194.47,Coffee
30,114,198,20.87,89.89,6.12,128.45,Apple
25,19,9,29.44,91.72,7.27,105.19,Orange
10,64,15,24.01,63.89,5.84,142.82,Kidney Beans
90,52,41,24.38,80.55,6.48,247.7,Rice
20,63,22,21.39,57.07,5.77,130.72,Kidney Beans
91,50,32,25.36,79.35,6.73,220.92,Rice
85,20,44,24.08,85.0,6.47,38.7,Watermelon
85,53,49,24.51,70.79,6.37,167.32,Jute
27,128,205,25.09,93.81,6.41,115.78,Apple
86,60,20,21.82,63.9,7.19,75.31,Maize
97,14,47,22.97,87.19,6.48,36.36,Watermelon
73,54,47,24.07,77.49,5.65,148.33,Jute
44,64,78,17.01,10.0,7.22,104.13,Chickpea
89,21,58,25.12,80.44,5.76,42.15,Watermelon
22,122,197,21.52,92.81,6.08,105.06,Apple
97,25,44,24.02,82.25,6.25,47.86,Watermelon
102,22,39,24.67,65.49,6.55,181.16,Coffee
94,28,27,23.4,60.26,7.03,153.92,Coffee
107,32,32,21.84,62.25,6.94,189.58,Coffee
28,72,18,21.31,69.77,5.55,104.12,Kidney Beans
84,47,24,27.56,80.54,6.79,89.89,Maize
20,125,205,19.43,91.01,6.14,114.21,Apple
38,59,78,18.38,19.34,7.82,93.96,Chickpea
37,69,92,16.52,12.6,7.37,80.51,Chickpea
50,58,51,30.55,91.42,6.92,172.84,Papaya
19,18,35,34.06,91.27,6.13,164.43,Coconut
99,42,47,29.75,80.55,6.32,276.33,Rice
25,145,198,22.76,91.88,5.97,118.11,Apple
126,50,21,25.16,79.81,7.76,94.21,Cotton
47,61,82,20.95,18.5,7.38,90.01,Chickpea
21,20,9,23.7,89.22,7.32,102.39,Orange
21,23,12,22.49,96.06,5.85,134.62,Orange
88,40,33,26.32,89.64,5.94,254.07,Rice
92,44,37,22.63,81.87,6.28,222.18,Rice
18,22,28,24.03,88.85,6.38,193.57,Coconut
92,45,37,29.36,84.54,5.69,244.66,Rice
103,36,21,25.82,60.62,6.83,184.18,Coffee
22,18,7,16.23,93.29,6.87,102.58,Orange
28,128,192,20.37,90.63,5.89,140.99,Apple
30,57,21,20.33,64.23,5.06,118.51,Kidney Beans
26,63,18,23.62,68.28,5.55,110.82,Kidney Beans
106,21,32,22.62,60.01,6.96,176.82,Coffee
120,47,20,23.98,69.48,7.62,81.86,Cotton
25,22,28,24.53,98.82,5.97,218.07,Coconut
104,24,52,26.6,87.14,6.07,25.37,Muskmelon
94,44,43,27.81,81.06,6.41,279.48,Rice
22,137,205,20.27,98.12,6.6,113.83,Apple
98,23,49,26.28,94.04,6.31,28.1,Muskmelon
85,50,34,25.32,87.77,5.51,220.08,Rice
97,40,40,22.81,83.92,6.63,265.94,Rice
90,45,25,24.59,77.45,6.16,111.04,Maize
97,32,41,25.93,76.09,6.96,248.46,Rice
27,66,21,21.56,66.39,5.41,109.85,Kidney Beans
50,62,28,31.58,90.83,7.15,138.4,Papaya
110,51,21,26.92,76.05,6.81,63.62,Cotton
98,16,51,28.07,89.83,5.75,20.04,Muskmelon
63,63,46,30.24,93.19,6.66,191.48,Papaya
24,59,25,18.86,57.22,5.76,101.97,Kidney Beans
94,31,31,25.3,54.94,7.04,179.79,Coffee
81,46,38,24.38,73.81,6.81,174.27,Jute
127,48,16,27.12,77.05,6.43,77.86,Cotton
69,46,44,21.61,83.28,7.03,192.17,Jute
12,19,30,26.84,97.97,6.22,186.55,Coconut
16,18,32,24.65,97.78,5.47,167.28,Coconut
110,18,48,26.67,91.28,6.27,27.77,Muskmelon
16,145,205,23.66,93.12,6.07,127.39,Apple
112,22,43,26.45,87.95,6.69,44.97,Watermelon
30,62,15,18.69,67.81,5.62,116.35,Kidney Beans
107,21,52,24.68,84.2,6.48,54.4,Watermelon
47,60,53,37.25,91.0,7.16,117.28,Papaya
21,128,201,19.87,93.26,6.25,121.41,Apple
86,40,41,21.55,83.63,5.82,265.73,Rice
117,48,21,25.58,70.02,6.35,91.15,Cotton
27,22,34,30.64,94.75,6.19,167.14,Coconut
24,17,32,27.88,97.5,6.38,181.72,Coconut
133,43,22,24.44,79.21,6.73,69.85,Cotton
40,54,49,30.96,93.02,6.63,160.21,Papaya
104,40,29,26.18,61.47,7.38,140.06,Coffee
20,14,12,22.85,89.03,7.7,115.72,Orange
58,67,55,32.11,89.88,6.31,161.68,Papaya
102,45,48,20.55,75.19,6.48,249.6,Rice
39,66,89,20.19,10.0,7.56,81.95,Chickpea
91,47,44,27.45,81.35,6.46,192.56,Jute
89,39,32,22.19,59.79,6.83,209.09,Coffee
61,59,58,33.43,94.55,6.03,208.38,Papaya
70,45,23,25.64,63.57,6.32,79.12,Maize
73,33,24,26.21,63.31,6.53,92.74,Maize
82,44,18,23.04,67.54,6.76,76.39,Maize
99,9,51,28.7,92.4,5.51,20.0,Muskmelon
19,63,20,22.5,63.34,5.48,121.23,Kidney Beans
26,142,203,19.93,93.95,6.13,102.15,Apple
39,61,49,34.26,91.95,7.48,133.4,Papaya
103,42,38,23.3,76.62,6.13,214.9,Rice
109,26,51,27.2,89.15,6.42,51.46,Watermelon
28,15,12,27.3,87.87,6.66,123.71,Orange
24,73,75,15.34,18.53,7.85,78.63,Chickpea
94,20,53,28.29,96.81,6.54,29.57,Muskmelon
26,136,205,22.05,89.07,5.82,91.25,Apple
20,137,183,22.97,93.98,6.22,110.26,Apple
80,50,47,23.82,86.01,6.64,223.87,Rice
22,68,21,19.23,56.44,5.67,106.55,Kidney Beans
118,54,20,26.01,78.41,6.39,78.52,Cotton
31,66,74,19.64,21.02,6.55,81.15,Chickpea
83,45,39,22.58,86.37,7.05,192.35,Jute
32,81,20,23.53,66.71,5.48,112.72,Kidney Beans
97,38,30,22.0,83.59,7.15,165.77,Jute
84,43,40,24.37,80.52,5.75,142.07,Jute
26,140,202,22.92,93.3,5.47,122.64,Apple
62,58,38,34.86,87.67,6.83,168.23,Papaya
20,71,24,22.74,61.42,5.4,107.3,Kidney Beans
99,11,48,25.48,83.01,6.52,53.53,Watermelon
77,46,47,24.42,84.29,7.27,200.82,Jute
20,72,18,32.27,49.74,6.48,115.05,Pigeonpeas
92,33,39,22.4,52.73,6.76,175.31,Coffee
94,15,47,24.81,79.88,6.16,43.37,Watermelon
70,42,33,27.67,86.19,6.83,196.98,Jute
95,22,34,22.24,59.82,6.72,173.61,Coffee
17,56,21,21.59,47.63,4.97,148.28,Pigeonpeas
130,54,24,23.3,82.38,7.05,74.31,Cotton
63,71,55,33.24,82.28,6.79,159.96,Papaya
115,16,46,29.57,94.12,6.63,34.45,Muskmelon
30,14,21,29.21,88.18,5.94,248.59,Coconut
22,64,18,15.49,64.49,6.08,129.77,Kidney Beans
120,52,15,25.96,74.72,7.13,68.45,Cotton
87,12,50,25.35,98.32,5.78,21.0,Muskmelon
42,73,88,18.34,15.16,6.87,71.75,Chickpea
19,18,30,22.56,91.5,5.67,198.09,Coconut
104,30,30,20.23,65.73,6.84,183.57,Coffee
101,29,29,26.49,63.63,7.48,157.96,Coffee
19,18,30,23.17,90.59,6.1,163.79,Coconut
22,16,34,25.79,94.4,6.42,213.86,Coconut
21,20,14,21.83,96.44,6.54,125.94,Orange
21,19,10,21.87,100.0,7.16,114.96,Orange
23,126,202,22.37,93.17,5.69,95.79,Apple
22,145,193,19.97,86.72,5.87,108.96,Apple
101,20,52,24.49,80.51,7.25,46.13,Watermelon
79,39,38,24.4,78.57,6.48,155.25,Jute
92,47,38,22.78,80.27,6.66,229.48,Rice
99,33,30,24.57,62.29,6.62,168.14,Coffee
45,49,44,36.98,92.76,6.66,149.82,Papaya
133,49,19,23.01,72.77,7.07,86.94,Cotton
11,15,9,25.0,92.57,7.44,97.57,Orange
100,35,37,24.01,82.19,6.32,255.57,Rice
99,39,11,25.32,61.99,5.99,95.63,Maize
84,54,46,23.63,83.28,6.32,187.53,Jute
25,125,202,18.56,95.14,6.01,108.75,Apple
104,25,23,25.21,60.41,6.99,173.4,Coffee
13,61,24,34.5,54.38,5.3,191.92,Pigeonpeas
97,22,52,25.9,86.0,6.55,37.87,Watermelon
38,73,72,18.95,16.48,7.39,76.3,Chickpea
35,73,21,23.61,60.72,5.71,114.73,Kidney Beans
27,18,28,26.51,94.49,6.18,210.24,Coconut
72,44,47,26.55,79.37,6.82,164.19,Jute
125,29,33,23.7,63.48,6.73,166.79,Coffee
114,20,48,30.65,91.9,6.47,24.79,Muskmelon
27,65,18,18.27,64.17,5.97,96.81,Kidney Beans
25,19,9,25.88,93.94,6.53,94.07,Orange
47,57,54,29.32,88.77,6.8,172.46,Papaya
128,45,23,22.54,87.26,6.81,72.84,Cotton
80,48,17,22.01,56.58,7.37,66.34,Maize
103,36,38,24.33,87.77,5.93,269.08,Rice
127,47,22,23.69,79.76,7.08,117.35,Cotton
76,54,39,22.93,77.95,5.84,260.58,Rice
95,15,50,27.55,93.95,6.26,33.59,Muskmelon
74,52,47,23.37,74.18,6.82,165.15,Jute
46,55,53,37.93,95.51,6.32,185.78,Papaya
44,75,52,31.49,96.96,7.32,159.34,Papaya
91,15,56,26.37,92.54,6.47,31.49,Muskmelon
18,72,26,30.85,54.71,5.73,142.87,Pigeonpeas
37,54,71,21.47,16.53,7.08,81.6,Chickpea
83,46,40,21.14,83.43,6.72,267.08,Rice
42,58,44,32.84,95.05,6.73,212.14,Papaya
101,16,54,25.88,81.51,6.22,38.18,Watermelon
80,51,52,22.12,79.1,5.75,178.47,Jute
64,42,24,21.05,63.65,6.78,70.47,Maize
84,52,40,22.16,83.37,7.0,140.05,Jute
15,59,21,28.51,51.32,5.86,181.77,Pigeonpeas
75,48,41,26.87,83.11,6.71,158.85,Jute
43,64,45,33.35,96.63,7.0,178.05,Papaya
22,14,30,26.9,95.48,6.2,157.14,Coconut
21,76,18,33.46,45.82,6.45,142.55,Pigeonpeas
92,27,28,22.03,57.91,6.46,166.75,Coffee
133,47,23,28.27,86.56,6.36,76.96,Cotton
101,42,20,28.24,64.52,6.73,69.06,Maize
106,27,29,24.97,62.75,6.83,183.72,Coffee
24,21,15,20.63,94.08,6.69,124.29,Orange
17,143,191,21.32,96.4,5.58,96.61,Apple
76,41,41,19.65,73.0,6.63,176.48,Jute
17,14,34,25.77,90.96,5.82,179.3,Coconut
94,46,36,25.75,79.7,6.55,300.0,Rice
106,24,50,29.26,89.96,6.49,31.65,Muskmelon
22,78,22,24.33,63.18,6.46,213.04,Pigeonpeas
82,44,39,20.02,79.11,7.09,163.63,Jute
84,38,42,24.21,76.95,6.4,167.91,Jute
22,11,30,29.42,93.2,6.12,198.74,Coconut
47,64,45,34.43,92.94,6.25,172.17,Papaya
24,22,11,15.94,92.05,7.29,116.33,Orange
80,52,45,22.85,77.3,7.08,126.17,Jute
110,19,54,26.02,89.23,6.62,50.11,Watermelon
81,46,36,26.62,82.12,7.04,172.78,Jute
94,27,27,26.07,67.17,6.68,193.16,Coffee
124,48,18,24.63,72.0,7.71,65.19,Cotton
30,69,23,22.31,54.48,5.6,108.3,Kidney Beans
46,71,75,22.55,13.42,7.67,90.01,Chickpea
76,35,40,24.65,78.38,6.76,198.46,Rice
27,50,17,20.29,58.5,5.34,125.83,Kidney Beans
29,65,21,19.71,59.02,5.64,108.8,Kidney Beans
79,63,17,28.92,75.07,6.22,93.53,Maize
23,16,26,24.88,92.85,6.34,165.46,Coconut
111,17,40,26.86,90.1,6.78,44.7,Watermelon
46,57,63,33.26,94.21,6.7,123.03,Papaya
51,43,46,32.56,86.38,6.35,120.38,Papaya
23,66,19,31.45,50.73,5.18,146.79,Pigeonpeas
95,51,31,21.04,73.84,6.39,257.94,Rice
73,51,52,23.28,82.14,6.41,193.74,Jute
24,26,8,22.7,91.18,6.02,106.28,Orange
99,17,46,29.88,92.23,6.35,21.26,Muskmelon
42,68,89,18.9,11.68,7.8,70.94,Chickpea
107,51,32,22.79,87.07,6.22,251.1,Rice
113,31,22,22.56,69.91,5.67,89.77,Cotton
89,22,47,25.7,79.65,6.5,47.37,Watermelon
20,24,8,21.22,93.43,6.57,111.83,Orange
21,15,27,30.74,92.45,6.73,189.62,Coconut
106,18,47,27.99,87.11,6.27,50.39,Watermelon
96,29,26,22.74,63.55,6.42,166.71,Coffee
77,46,21,24.48,65.02,6.72,102.86,Maize
69,47,38,22.31,78.88,6.9,184.5,Jute
36,60,15,16.3,63.56,5.14,114.42,Kidney Beans
88,49,19,28.19,80.1,6.32,79.4,Cotton
102,24,35,25.42,62.99,6.8,164.64,Coffee
102,19,56,24.67,81.58,6.14,51.46,Watermelon
107,24,26,25.14,67.14,6.95,179.97,Coffee
11,61,18,24.47,58.07,5.81,122.12,Kidney Beans
46,64,49,33.41,93.23,6.52,189.86,Papaya
90,32,28,25.06,65.49,6.43,161.31,Coffee
125,50,19,27.01,74.36,7.25,81.85,Cotton
90,45,45,22.71,82.38,6.32,229.14,Rice
31,59,22,20.51,59.68,5.73,123.78,Kidney Beans
108,20,54,24.55,91.52,6.32,23.6,Muskmelon
21,21,28,28.95,91.6,5.67,195.12,Coconut
123,48,15,27.71,76.95,7.0,61.24,Cotton
101,13,50,28.33,92.39,6.34,30.69,Muskmelon
101,55,37,21.53,81.5,6.52,267.35,Rice
90,38,46,29.46,74.72,7.01,175.02,Jute
19,24,16,22.56,93.04,6.4,108.23,Orange
98,18,52,26.82,92.58,6.36,24.53,Muskmelon
121,24,33,24.18,65.92,6.36,149.74,Coffee
26,73,17,22.41,53.04,5.71,159.92,Pigeonpeas
88,46,30,23.45,83.43,7.09,227.04,Rice
24,53,19,20.29,58.72,5.63,119.07,Kidney Beans
36,71,86,20.51,20.57,7.58,83.51,Chickpea
16,13,41,25.28,94.03,5.89,170.73,Coconut
129,41,22,26.24,70.44,6.84,74.38,Cotton
104,19,54,23.9,83.64,6.43,53.65,Watermelon
99,21,47,27.15,88.06,6.47,26.63,Muskmelon
120,48,21,25.17,83.99,7.17,67.39,Cotton
85,44,50,23.37,88.42,6.71,150.24,Jute
85,49,21,31.21,64.65,6.6,100.76,Maize
81,46,45,26.93,81.98,6.56,188.35,Jute
16,131,203,21.07,91.08,6.34,116.28,Apple
40,83,80,17.58,12.46,6.58,64.16,Chickpea
47,64,73,20.39,15.82,7.72,86.17,Chickpea
89,23,53,24.75,94.29,6.68,25.62,Muskmelon
21,24,26,24.89,94.8,5.98,196.94,Coconut
17,63,23,23.28,52.51,5.81,152.23,Pigeonpeas
20,10,29,22.27,96.06,5.71,183.59,Coconut
121,19,33,23.89,59.07,6.61,156.82,Coffee
101,20,51,28.38,86.38,6.48,58.34,Watermelon
102,32,21,23.92,60.73,6.88,198.87,Coffee
22,20,13,18.74,97.26,5.8,100.77,Orange
102,22,57,27.4,92.8,6.9,20.0,Muskmelon
21,73,19,29.43,58.3,5.98,133.49,Pigeonpeas
92,41,49,25.18,77.23,6.76,215.63,Rice
37,80,70,20.63,16.16,7.19,87.9,Chickpea
21,143,205,22.58,95.95,5.84,112.76,Apple
34,60,83,18.9,17.1,7.0,77.7,Chickpea
11,61,22,24.0,57.68,5.58,137.31,Kidney Beans
27,82,17,20.1,62.08,5.68,105.27,Kidney Beans
99,55,22,23.32,59.24,6.31,101.33,Maize
81,51,40,29.12,74.25,6.49,172.72,Jute
26,142,205,21.05,90.4,6.19,123.58,Apple
32,20,29,27.69,98.73,5.77,165.66,Coconut
103,18,50,26.57,90.37,6.53,20.0,Muskmelon
99,43,34,30.43,82.24,6.51,239.4,Rice
21,18,40,28.37,99.61,6.18,164.35,Coconut
21,15,27,27.0,91.82,5.85,168.65,Coconut
58,56,39,40.13,89.01,6.38,182.07,Papaya
108,49,18,22.97,73.3,6.97,71.82,Cotton
101,22,44,28.54,78.76,7.14,46.71,Watermelon
32,23,37,27.05,95.96,6.3,214.33,Coconut
85,48,15,26.99,62.04,5.72,78.58,Maize
49,64,59,37.09,87.77,6.83,177.01,Papaya
91,19,45,24.29,83.91,6.18,46.2,Watermelon
101,18,49,27.78,91.65,6.66,28.04,Muskmelon
95,26,27,27.24,62.07,6.75,172.8,Coffee
23,70,17,29.11,49.05,5.55,153.79,Pigeonpeas
123,52,24,25.89,77.49,6.62,82.86,Cotton
30,21,11,20.05,93.71,6.51,125.2,Orange
24,137,201,22.0,88.73,6.33,118.54,Apple
28,63,19,34.97,50.01,5.58,147.06,Pigeonpeas
17,58,20,27.69,58.29,6.18,148.81,Pigeonpeas
47,62,53,37.63,91.93,7.19,178.16,Papaya
48,62,45,36.11,91.77,6.62,152.77,Papaya
97,34,30,26.32,70.83,7.11,176.86,Coffee
20,59,18,24.79,62.44,5.64,171.37,Pigeonpeas
98,49,18,23.89,83.48,7.27,76.73,Cotton
101,23,53,30.23,83.6,6.31,31.54,Muskmelon
98,22,45,24.45,80.97,6.53,41.3,Watermelon
41,52,47,32.53,90.39,6.84,161.58,Papaya
110,26,37,25.42,61.2,7.55,153.89,Coffee
102,46,45,20.29,83.07,6.86,242.06,Rice
102,28,29,25.74,67.2,6.21,167.62,Coffee
40,68,46,30.74,92.09,6.51,189.67,Papaya
109,37,31,23.32,49.82,7.01,158.7,Coffee
84,45,41,27.88,78.01,6.89,234.65,Rice
125,35,20,25.32,78.61,7.32,85.06,Cotton
102,13,55,27.78,91.66,6.67,26.67,Muskmelon
112,43,20,25.96,87.48,6.6,74.03,Cotton
31,74,18,17.7,58.99,5.46,119.05,Kidney Beans
37,66,67,17.39,19.89,7.95,67.66,Chickpea
132,54,23,24.08,74.6,6.55,82.35,Cotton
77,38,36,25.78,82.33,6.69,195.82,Jute
98,25,33,24.34,59.41,7.06,175.59,Coffee
77,58,41,24.45,76.66,7.14,190.61,Jute
83,58,35,20.96,86.63,6.82,255.6,Rice
24,139,202,21.29,90.68,5.67,126.85,Apple
20,16,23,26.14,97.89,6.39,201.13,Coconut
95,46,36,22.71,84.36,6.47,175.79,Jute
96,26,34,23.58,65.22,6.69,135.48,Coffee
27,23,12,24.92,97.09,6.93,117.75,Orange
98,16,56,28.19,97.18,6.52,26.21,Muskmelon
85,43,37,28.63,81.95,6.08,260.56,Rice
14,16,30,29.27,96.2,6.09,155.2,Coconut
100,15,48,23.18,85.31,6.82,41.22,Watermelon
29,64,81,19.32,13.92,7.81,71.34,Chickpea
19,23,6,24.61,86.99,6.46,95.45,Orange
103,16,47,24.03,72.07,6.95,42.0,Watermelon
29,78,23,19.18,61.81,5.31,128.59,Kidney Beans
20,20,30,25.29,98.87,6.02,225.07,Coconut
20,20,30,28.59,99.05,6.32,190.35,Coconut
95,36,36,24.33,53.03,6.63,163.0,Coffee
105,25,57,26.06,86.17,7.11,36.34,Muskmelon
44,74,84,19.04,19.02,7.54,76.46,Chickpea
22,20,14,26.57,90.38,6.76,118.05,Orange
43,84,69,19.38,15.01,7.47,80.19,Chickpea
80,47,24,25.96,55.54,7.24,105.7,Maize
38,50,49,40.76,91.39,6.65,131.16,Papaya
15,18,8,20.04,94.22,7.01,124.51,Orange
18,67,27,23.02,43.89,6.11,136.43,Pigeonpeas
92,54,44,23.6,81.92,6.1,239.54,Rice
17,17,13,21.17,94.39,6.8,107.87,Orange
101,25,35,29.65,61.91,6.95,176.69,Coffee
99,24,34,25.37,59.9,6.23,203.89,Coffee
46,63,60,38.92,86.23,6.87,156.44,Papaya
56,60,39,42.98,97.24,6.92,144.94,Papaya
32,45,24,21.85,53.96,5.38,145.15,Kidney Beans
30,17,36,25.1,92.28,5.29,216.8,Coconut
117,53,18,23.5,78.89,6.33,101.85,Cotton
20,65,17,22.43,51.07,5.59,124.52,Kidney Beans
17,62,17,35.44,62.99,6.57,125.54,Pigeonpeas
41,73,96,15.87,21.85,7.34,71.01,Chickpea
94,39,48,22.04,80.71,6.83,209.23,Rice
99,47,19,24.2,79.43,6.91,78.2,Cotton
87,42,37,28.41,83.62,6.0,262.95,Rice
89,50,52,23.94,83.83,6.66,197.2,Jute
101,22,17,25.59,62.7,6.71,172.88,Coffee
90,22,44,22.36,92.47,6.08,51.47,Watermelon
22,61,23,18.24,61.1,6.07,112.3,Kidney Beans
65,45,33,26.8,83.14,6.34,161.21,Jute
20,70,20,25.15,59.94,5.89,150.35,Pigeonpeas
99,26,26,23.04,60.64,7.17,158.9,Coffee
20,19,26,26.88,90.46,6.19,218.83,Coconut
47,54,55,36.78,92.51,6.9,159.25,Papaya
39,71,82,20.42,15.69,7.51,77.4,Chickpea
48,61,56,30.42,88.96,6.12,149.02,Papaya
94,28,28,27.04,60.11,7.42,183.62,Coffee
22,56,23,28.88,63.31,5.98,172.03,Pigeonpeas
95,53,19,22.95,63.07,7.54,90.73,Maize
21,14,39,30.36,92.35,6.04,165.03,Coconut
80,49,29,25.89,77.45,7.36,186.22,Jute
126,34,26,25.59,76.12,6.86,82.11,Cotton
107,51,14,20.9,83.7,7.0,79.31,Cotton
16,70,14,29.94,51.71,6.57,134.51,Pigeonpeas
91,17,53,29.02,92.79,6.68,23.19,Muskmelon
96,50,35,27.51,76.39,6.73,294.76,Rice
91,53,22,27.2,72.02,7.19,94.73,Maize
17,17,13,19.51,90.93,7.18,106.4,Orange
84,18,44,28.34,88.57,6.04,33.02,Muskmelon
91,47,35,26.92,82.65,6.29,181.87,Jute
18,25,40,27.51,94.97,6.31,204.09,Coconut
92,13,52,26.74,87.29,6.69,31.98,Muskmelon
95,55,19,28.47,65.89,6.33,75.8,Maize
46,61,52,31.04,94.17,6.73,125.69,Papaya
13,22,21,28.8,93.9,6.21,150.69,Coconut
99,16,57,30.34,92.32,6.02,20.0,Muskmelon
26,124,203,21.08,95.14,6.23,109.05,Apple
114,52,20,21.91,80.82,7.68,85.92,Cotton
86,48,22,21.24,66.02,5.79,83.33,Maize
44,65,85,17.91,16.51,7.32,69.98,Chickpea
20,61,18,23.5,60.87,4.96,173.07,Pigeonpeas
90,11,55,23.41,84.29,6.73,45.08,Watermelon
26,145,187,20.8,94.47,6.1,117.16,Apple
28,135,203,22.43,95.37,6.2,117.31,Apple
24,58,21,21.08,55.28,6.56,131.04,Pigeonpeas
20,17,27,29.46,96.38,6.08,197.79,Coconut
33,70,24,17.64,53.17,5.66,127.54,Kidney Beans
83,54,8,30.27,64.16,7.05,69.4,Maize
17,12,12,28.23,93.99,6.88,114.91,Orange
53,64,52,38.88,92.71,6.58,141.68,Papaya
90,60,39,24.75,81.86,6.03,268.57,Rice
19,9,31,25.45,92.6,5.85,218.39,Coconut
110,15,49,28.92,90.69,6.54,27.78,Muskmelon
20,69,18,32.1,47.94,6.0,173.64,Pigeonpeas
117,51,22,23.32,80.34,5.99,97.3,Cotton
28,145,204,22.21,89.04,6.16,140.88,Apple
22,16,33,25.69,93.17,5.84,209.77,Coconut
20,129,205,21.9,93.13,5.97,100.8,Apple
82,36,42,27.1,79.68,7.4,190.48,Jute
87,22,46,26.03,91.66,6.53,25.82,Muskmelon
32,63,87,20.91,18.54,7.59,85.16,Chickpea
100,40,35,28.29,63.96,7.15,160.52,Coffee
92,21,48,29.84,95.63,6.21,28.97,Muskmelon
80,38,25,21.8,60.14,6.6,102.23,Maize
81,48,39,25.79,83.89,6.47,218.83,Rice
110,18,48,28.09,85.48,6.27,59.24,Watermelon
23,68,19,20.77,57.35,5.25,124.82,Kidney Beans
103,9,50,24.64,88.38,6.34,31.38,Muskmelon
72,45,16,24.37,74.75,6.66,81.21,Maize
96,39,40,15.9,77.9,6.4,208.81,Rice
105,35,30,23.8,54.21,7.05,183.48,Coffee
30,14,36,27.71,89.57,6.19,177.41,Coconut
29,53,25,20.17,58.94,5.51,115.68,Kidney Beans
25,128,193,23.4,94.54,6.18,133.18,Apple
110,18,56,30.27,93.29,6.55,27.11,Muskmelon
116,53,14,26.32,75.98,6.92,77.03,Cotton
107,17,40,25.03,85.17,6.87,45.46,Watermelon
125,53,22,24.08,83.78,6.24,92.65,Cotton
99,24,53,26.61,83.4,6.33,61.25,Watermelon
18,19,13,21.66,89.35,6.22,115.76,Orange
50,66,57,35.24,89.11,6.12,124.86,Papaya
28,142,199,19.69,89.95,6.35,109.18,Apple
18,22,12,27.13,89.03,6.66,119.11,Orange
99,21,42,24.3,78.45,6.42,59.69,Watermelon
98,29,29,26.94,64.09,6.87,149.58,Coffee
91,55,23,20.57,74.8,5.93,89.54,Maize
78,48,43,22.84,83.99,7.15,154.66,Jute
44,61,55,36.39,87.73,7.27,147.18,Papaya
102,30,25,24.91,55.83,7.22,147.88,Coffee
19,141,205,24.12,96.24,6.07,126.62,Apple
88,44,40,24.97,82.73,6.94,171.04,Jute
80,38,37,23.19,83.24,6.75,151.86,Jute
76,41,15,27.48,62.19,6.67,84.3,Maize
93,22,52,25.36,91.4,6.97,57.46,Watermelon
25,75,20,28.8,61.45,5.89,168.08,Pigeonpeas
42,68,55,36.93,92.03,6.28,179.56,Papaya
24,20,12,21.87,90.03,7.31,104.03,Orange
102,18,51,23.86,82.89,6.5,48.44,Watermelon
76,37,44,24.43,81.26,6.51,248.69,Rice
25,74,20,28.85,53.23,6.34,145.99,Pigeonpeas
88,19,44,24.41,80.24,6.36,49.78,Watermelon
46,59,54,37.83,93.71,6.73,189.96,Papaya
94,54,45,29.38,78.93,6.85,244.58,Rice
92,51,19,26.32,47.91,7.07,58.9,Maize
29,65,16,20.87,68.52,6.07,119.07,Kidney Beans
101,15,50,27.58,91.52,6.19,21.81,Muskmelon
80,50,27,24.72,80.61,6.78,58.59,Maize
95,20,58,29.99,91.76,6.6,27.89,Muskmelon
42,54,43,31.34,83.45,6.86,201.08,Papaya
92,12,46,25.65,85.41,6.42,31.15,Watermelon
83,43,42,26.44,80.08,6.43,212.34,Rice
18,12,29,26.75,95.31,5.91,193.93,Coconut
109,18,58,24.95,83.26,6.74,37.02,Watermelon
20,18,24,29.06,89.62,6.16,172.82,Coconut
19,51,19,21.4,59.52,5.58,105.81,Kidney Beans
50,63,82,17.52,13.04,7.06,79.63,Chickpea
29,128,203,18.87,93.22,6.59,103.06,Apple
79,41,38,25.17,83.64,6.63,153.23,Jute
112,12,50,24.62,83.76,6.62,55.36,Watermelon
81,50,34,21.93,86.32,6.46,195.45,Jute
91,16,41,30.01,95.81,6.3,23.51,Muskmelon
112,50,24,23.81,90.49,6.59,80.39,Cotton
42,72,83,19.78,13.02,7.72,91.7,Chickpea
78,18,48,25.87,90.34,6.23,24.76,Muskmelon
36,71,71,19.22,16.9,7.22,78.71,Chickpea
20,145,187,20.39,97.03,5.87,99.22,Apple
74,50,22,24.78,61.7,6.16,84.62,Maize
31,73,22,21.9,68.81,5.7,102.27,Kidney Beans
108,50,17,26.11,79.83,6.16,85.05,Cotton
100,24,35,29.02,94.15,6.74,24.68,Muskmelon
94,16,44,27.55,95.23,6.4,29.3,Muskmelon
18,71,24,24.12,52.81,5.74,122.08,Pigeonpeas
88,52,40,24.28,84.91,6.22,182.89,Jute
23,69,16,26.14,51.36,5.77,158.52,Pigeonpeas
110,15,55,29.62,89.86,6.53,47.35,Watermelon
67,75,50,22.49,95.71,6.54,143.97,Papaya
80,61,27,25.31,65.23,6.56,94.2,Maize
96,17,44,27.02,88.61,6.36,20.0,Muskmelon
34,72,21,21.92,61.97,5.12,115.82,Kidney Beans
75,43,38,25.54,82.86,6.68,175.29,Jute
109,17,48,26.53,91.83,6.38,26.03,Muskmelon
115,48,19,27.29,65.81,6.79,78.73,Cotton
29,145,178,22.87,87.72,6.15,116.54,Apple
39,52,23,20.57,63.86,5.83,109.0,Kidney Beans
25,145,186,20.4,90.34,5.89,123.88,Apple
78,43,22,21.3,65.17,6.5,101.29,Maize
51,57,59,38.23,94.36,6.6,199.71,Papaya
22,11,8,24.23,93.23,7.29,108.26,Orange
112,57,20,23.22,84.99,6.69,89.11,Cotton
89,48,17,26.09,67.36,6.95,94.53,Maize
94,22,40,27.51,58.1,6.88,183.35,Coffee
18,16,23,27.82,97.0,5.6,169.99,Coconut
98,52,18,30.47,61.37,6.87,89.49,Maize
78,37,50,24.88,77.0,6.87,196.01,Jute
36,63,91,14.73,26.41,7.72,82.23,Chickpea
35,63,78,16.31,14.54,7.11,88.74,Chickpea
96,16,54,28.14,84.65,6.71,41.38,Watermelon
26,87,21,18.49,59.52,5.17,118.79,Kidney Beans
94,45,17,25.41,61.69,6.82,88.04,Maize
22,11,11,20.34,90.13,6.36,118.79,Orange
74,54,20,24.81,74.17,6.75,93.07,Maize
96,45,25,23.16,59.17,6.87,165.6,Coffee
44,73,73,21.17,15.39,7.62,83.67,Chickpea
27,144,198,20.69,88.77,6.11,102.52,Apple
91,16,49,25.67,96.41,6.0,31.73,Muskmelon
113,19,43,28.73,92.73,6.22,27.87,Muskmelon
55,56,45,27.78,92.46,6.68,182.72,Papaya
28,137,190,21.21,90.89,5.47,103.23,Apple
29,70,17,20.39,59.8,5.66,125.01,Kidney Beans
89,19,52,27.03,89.26,6.27,45.74,Watermelon
82,48,35,28.25,87.97,6.86,203.63,Jute
79,45,14,25.54,61.8,5.92,41.92,Maize
114,53,20,25.79,75.21,6.56,74.5,Cotton
96,42,43,22.84,80.14,6.6,192.17,Rice
94,51,44,25.15,81.72,5.84,250.74,Rice
112,58,21,26.27,75.89,6.31,73.17,Cotton
104,22,56,27.75,93.93,6.29,20.38,Muskmelon
92,45,41,26.67,77.48,7.05,126.26,Jute
102,18,52,25.81,85.04,6.32,43.99,Watermelon
25,123,197,24.78,92.96,5.99,137.75,Apple
20,136,200,22.64,92.35,6.11,111.26,Apple
27,21,10,23.65,92.89,6.96,88.09,Orange
94,19,44,26.5,93.99,7.18,27.39,Muskmelon
31,49,20,16.46,63.8,5.67,126.29,Kidney Beans
48,50,58,40.3,91.88,7.35,161.83,Papaya
20,17,7,17.55,90.46,7.16,125.07,Orange
27,130,205,19.78,92.97,5.54,117.45,Apple
121,47,24,26.27,88.08,6.24,79.59,Cotton
82,13,47,25.99,84.42,6.46,53.26,Watermelon
26,15,7,24.49,93.91,6.96,85.83,Orange
100,14,53,25.92,82.99,6.83,40.0,Watermelon
39,65,75,20.49,16.46,7.04,93.21,Chickpea
122,46,19,26.53,74.8,7.58,58.15,Cotton
28,145,201,21.57,91.22,6.04,105.06,Apple
93,21,63,27.0,77.04,6.39,50.98,Watermelon
123,44,19,23.12,85.6,6.68,97.43,Cotton
28,145,192,25.18,92.85,6.0,110.23,Apple
24,14,11,22.85,93.88,6.71,106.31,Orange
18,17,25,28.39,93.87,5.61,189.72,Coconut
126,51,22,25.65,77.34,7.14,63.71,Cotton
111,41,21,23.31,80.51,6.61,58.63,Cotton
21,16,9,17.89,91.26,6.61,103.81,Orange
30,140,205,19.97,94.47,5.61,116.89,Apple
21,131,204,26.11,93.82,6.14,121.37,Apple
21,17,14,18.55,89.75,7.41,111.57,Orange
97,20,52,26.85,87.47,7.39,24.29,Muskmelon
26,17,8,25.87,95.55,6.33,95.55,Orange
25,141,197,17.6,95.81,6.06,110.44,Apple
26,145,205,21.13,87.77,6.08,97.09,Apple
95,15,47,25.27,89.64,6.98,28.68,Muskmelon
95,24,51,24.88,84.0,6.99,48.12,Watermelon
106,35,33,25.55,57.01,6.8,164.34,Coffee
111,45,21,25.7,75.51,6.6,92.89,Cotton
20,10,31,23.23,95.16,6.26,169.51,Coconut
17,55,19,31.51,63.36,6.08,158.59,Pigeonpeas
117,54,22,25.03,75.13,7.06,80.23,Cotton
17,69,22,22.34,56.8,6.17,141.7,Pigeonpeas
55,70,50,41.8,86.83,6.91,183.33,Papaya
18,11,11,26.82,92.83,6.46,110.53,Orange
61,66,32,30.99,94.83,6.75,139.52,Papaya
19,70,23,31.05,48.14,6.13,148.71,Pigeonpeas
24,27,21,28.56,92.27,5.99,174.55,Coconut
19,66,17,23.9,57.79,5.58,156.33,Pigeonpeas
45,56,54,34.77,88.03,6.57,177.55,Papaya
89,36,31,26.68,61.49,6.55,190.02,Coffee
93,21,49,25.23,81.75,6.27,52.56,Watermelon
30,144,189,21.07,94.47,6.01,102.12,Apple
23,69,15,25.19,54.56,5.77,189.45,Pigeonpeas
91,43,48,17.37,86.37,7.0,188.17,Rice
6,20,30,23.64,95.93,6.14,192.97,Coconut
25,64,13,26.56,60.48,6.02,158.56,Pigeonpeas
18,21,16,20.74,87.0,6.0,108.19,Orange
85,28,35,24.33,57.77,7.08,168.38,Coffee
90,57,38,25.22,78.33,6.7,202.59,Jute
114,20,38,28.43,89.36,6.39,55.74,Watermelon
80,42,42,24.57,76.24,7.23,191.72,Jute
26,18,31,25.33,89.85,6.07,199.91,Coconut
82,40,22,22.05,61.83,6.79,103.57,Maize
12,63,21,18.12,61.93,5.64,146.33,Kidney Beans
100,34,25,24.95,58.88,7.02,175.63,Coffee
86,46,39,23.26,80.29,7.0,154.42,Jute
27,72,18,17.99,54.79,5.55,114.72,Kidney Beans
100,25,29,22.01,68.82,6.71,165.22,Coffee
90,11,46,27.62,91.32,6.77,58.46,Watermelon
27,26,10,24.53,92.61,7.01,108.57,Orange
24,18,39,24.04,95.42,6.02,197.89,Coconut
129,58,18,27.15,69.15,6.32,68.49,Cotton
95,19,47,25.88,88.47,6.87,29.44,Muskmelon
112,49,19,25.37,87.55,7.04,86.1,Cotton
25,22,32,22.01,93.5,6.36,162.23,Coconut
101,30,35,25.67,69.39,6.5,177.72,Coffee
123,38,17,30.51,78.47,7.09,72.19,Cotton
88,43,44,25.11,80.56,6.96,212.97,Rice
94,32,26,26.73,62.76,6.89,159.35,Coffee
32,56,21,18.26,57.06,5.45,110.88,Kidney Beans
22,71,18,29.49,62.68,4.91,160.05,Pigeonpeas
33,7,29,30.45,95.37,6.23,182.2,Coconut
15,17,30,23.33,99.17,6.04,188.39,Coconut
69,51,39,27.54,81.97,6.21,200.64,Jute
91,35,37,23.74,60.61,6.49,170.93,Coffee
70,51,25,26.16,70.98,6.12,63.67,Maize
82,45,15,26.62,68.9,6.45,112.7,Maize
21,13,40,25.48,96.99,6.32,167.78,Coconut
91,49,48,20.91,90.53,5.72,236.21,Rice
25,16,26,26.04,94.87,6.4,137.45,Coconut
77,39,24,23.77,63.92,8.1,89.48,Maize
97,18,54,26.67,87.0,6.65,57.08,Watermelon
23,54,20,23.26,55.46,6.16,127.66,Kidney Beans
38,52,85,16.52,17.18,7.41,93.61,Chickpea
24,67,25,23.46,64.35,5.56,106.66,Kidney Beans
27,77,23,22.04,62.32,5.71,128.37,Kidney Beans
14,50,21,27.67,51.91,5.9,148.79,Pigeonpeas
93,24,57,24.23,87.69,6.15,61.23,Watermelon
38,59,45,35.81,87.15,6.8,147.4,Papaya
54,54,52,31.81,89.31,6.51,152.49,Papaya
94,15,56,28.45,88.8,6.66,50.74,Watermelon
114,49,23,26.0,75.61,7.1,72.35,Cotton
43,61,57,36.78,92.1,6.59,178.95,Papaya
23,131,196,21.02,83.76,6.12,104.85,Apple
18,67,17,27.88,50.13,5.35,155.17,Pigeonpeas
86,39,40,26.39,78.06,6.7,226.74,Rice
90,44,33,22.95,80.63,6.18,235.97,Rice
46,72,49,33.74,85.35,6.64,176.73,Papaya
28,17,28,27.95,91.81,6.31,156.77,Coconut
23,60,20,25.18,52.67,5.63,140.45,Pigeonpeas
30,60,23,18.27,64.45,5.75,128.3,Kidney Beans
85,48,23,28.17,68.35,6.51,65.32,Maize
103,21,27,24.34,70.37,6.72,130.98,Coffee
73,37,20,23.63,74.08,6.82,69.64,Maize
97,24,35,28.38,70.35,7.17,171.05,Coffee
22,16,27,24.85,93.71,5.36,163.81,Coconut
81,44,33,25.52,87.57,6.35,161.09,Jute
42,60,69,15.96,20.34,7.05,95.34,Chickpea
125,52,27,29.37,76.57,7.45,84.6,Cotton
37,48,79,21.85,19.78,7.69,92.36,Chickpea
29,14,35,26.13,100.0,5.89,161.51,Coconut
23,13,9,19.99,92.38,6.65,112.12,Orange
93,16,57,25.46,77.52,6.48,49.37,Watermelon
32,55,23,23.23,69.15,5.58,130.68,Kidney Beans
107,17,46,27.77,90.98,6.99,20.0,Muskmelon
83,35,31,23.45,71.49,6.83,154.28,Coffee
36,68,82,17.38,18.27,7.11,79.86,Chickpea
25,16,30,26.88,97.48,5.68,178.87,Coconut
95,46,19,27.98,68.34,6.73,117.48,Maize
72,48,21,24.96,67.53,7.31,91.8,Maize
100,21,46,26.32,89.97,6.23,29.08,Muskmelon
101,32,31,22.94,62.23,6.48,176.62,Coffee
21,72,18,20.71,56.82,6.22,115.18,Kidney Beans
107,49,23,24.25,86.76,7.32,99.96,Cotton
112,23,54,26.15,85.09,6.73,46.87,Watermelon
41,68,50,34.26,91.16,6.93,175.66,Papaya
18,67,19,31.91,56.12,5.51,187.81,Pigeonpeas
30,131,198,21.73,89.67,5.87,111.76,Apple
9,23,26,28.37,97.22,5.74,194.53,Coconut
24,23,25,26.17,92.83,6.09,172.1,Coconut
18,124,205,22.09,91.27,5.64,120.37,Apple
105,13,51,29.12,91.4,6.51,20.04,Muskmelon
53,61,59,34.73,90.79,6.7,162.35,Papaya
83,47,26,25.47,69.41,6.83,102.6,Maize
85,50,36,23.71,84.02,6.85,209.99,Rice
105,35,30,23.46,53.13,6.59,162.66,Coffee
23,69,20,23.45,56.4,5.5,106.2,Pigeonpeas
95,20,56,23.01,84.32,6.58,49.18,Watermelon
107,24,54,25.57,85.56,6.04,48.93,Watermelon
98,16,50,26.82,92.99,6.24,27.34,Muskmelon
19,145,205,19.51,96.07,5.96,120.02,Apple
91,37,34,23.16,88.68,6.4,202.42,Rice
22,143,195,24.82,91.62,6.2,123.95,Apple
80,47,41,26.84,84.08,6.46,163.91,Jute
19,59,22,25.08,68.1,6.03,138.39,Pigeonpeas
26,145,187,22.82,93.74,5.38,124.58,Apple
101,28,33,23.77,61.71,7.16,181.84,Coffee
41,70,78,20.17,15.58,7.65,66.54,Chickpea
98,41,38,23.02,76.15,6.62,246.53,Rice
43,80,83,18.37,17.0,6.8,86.05,Chickpea
122,41,17,23.06,80.55,6.55,85.93,Cotton
33,58,25,22.25,53.0,5.81,88.5,Kidney Beans
12,18,15,22.58,92.91,7.35,105.15,Orange
66,38,24,31.32,73.31,6.78,93.92,Maize
61,53,43,22.0,74.08,7.37,161.73,Jute
92,53,32,24.46,83.04,6.81,209.08,Rice
125,60,24,27.29,73.06,7.11,79.36,Cotton
102,17,49,28.73,83.25,6.68,50.3,Watermelon
53,69,46,37.41,90.41,6.93,130.82,Papaya
111,27,53,21.83,82.77,6.68,46.63,Watermelon
101,24,29,25.07,63.34,6.47,198.94,Coffee
13,22,10,17.7,91.1,6.99,106.0,Orange
87,20,52,30.33,92.54,6.0,20.2,Muskmelon
20,71,24,23.34,52.9,5.49,157.58,Pigeonpeas
85,14,62,29.22,97.75,6.65,21.29,Muskmelon
106,44,19,21.81,76.3,7.06,97.13,Cotton
73,52,39,20.56,74.4,6.6,154.07,Jute
85,48,12,21.18,64.14,5.9,94.0,Maize
19,12,30,26.65,93.69,6.13,163.48,Coconut
119,42,20,21.62,74.4,7.07,87.25,Cotton
95,15,49,23.03,85.35,6.87,51.08,Watermelon
19,77,21,28.68,47.38,5.91,133.36,Pigeonpeas
44,50,37,33.91,90.31,6.27,183.78,Papaya
31,84,21,18.74,52.26,5.78,136.56,Kidney Beans
76,24,52,28.66,91.81,6.45,22.01,Muskmelon
72,49,44,25.34,84.61,6.21,183.42,Jute
108,39,33,22.89,60.72,6.89,216.36,Coffee
39,61,97,18.65,17.37,7.52,80.44,Chickpea
79,48,41,24.63,83.39,6.23,245.81,Rice
27,145,205,21.94,92.42,6.33,96.99,Apple
33,71,25,16.86,57.38,5.48,130.82,Kidney Beans
45,47,49,40.63,94.41,7.36,177.65,Papaya
37,67,101,15.99,17.76,7.49,90.86,Chickpea
81,43,35,21.49,77.22,6.89,162.35,Jute
18,22,7,21.2,93.78,6.8,117.02,Orange
32,74,16,22.56,66.64,5.82,136.36,Kidney Beans
106,40,25,24.32,63.16,7.04,163.81,Coffee
18,136,202,23.77,97.35,5.59,114.37,Apple
85,20,49,28.27,82.31,6.44,58.98,Watermelon
41,64,78,22.35,21.02,6.78,88.3,Chickpea
113,34,30,27.7,54.44,6.4,131.44,Coffee
18,139,194,24.15,92.68,6.18,131.93,Apple
77,49,21,28.73,64.43,6.64,94.12,Maize
81,47,36,23.82,80.92,6.25,181.3,Jute
51,50,46,32.62,88.95,6.96,176.21,Papaya
18,133,198,25.17,93.2,6.05,125.04,Apple
102,49,40,24.7,77.5,7.48,243.23,Rice
101,20,55,27.58,84.31,6.46,68.79,Watermelon
38,82,82,20.0,19.0,7.47,88.39,Chickpea
15,15,11,25.4,95.36,7.43,109.19,Orange
20,74,22,25.85,55.61,5.59,123.47,Kidney Beans
105,44,18,22.13,61.67,6.18,102.84,Maize
97,18,49,28.25,95.86,6.36,20.0,Muskmelon
17,14,28,25.49,95.67,5.42,155.41,Coconut
55,53,47,33.99,91.88,6.92,119.7,Papaya
53,64,49,35.63,90.99,6.7,154.51,Papaya
13,23,10,23.11,93.2,6.48,115.48,Orange
82,48,52,24.45,78.73,6.75,194.29,Jute
99,10,45,27.79,74.04,6.86,54.17,Watermelon
60,60,51,35.43,95.51,6.2,171.69,Papaya
